Dataset,Nodes,Edges,Heuristic,Raw,Naive_pruned,Fort_pruned,Naive_s,Fort_s,Speedup,Naive_clo,Fort_clo
BCSPWR01,39,46,H1,14,5,5,0.0017,0.0014,1.23,19,14
BCSPWR01,39,46,H2,6,5,5,0.0011,0.0007,1.57,11,6
BCSPWR01,39,46,H3,16,6,6,0.002,0.0017,1.2,22,16
BCSPWR01,39,46,H4,8,5,5,0.0012,0.0009,1.32,13,8
BCSPWR01,39,46,H5,10,5,5,0.0012,0.001,1.25,15,10
BCSPWR02,49,59,H1,11,6,6,0.0016,0.0012,1.33,17,11
BCSPWR02,49,59,H2,6,6,6,0.0006,0.0008,0.77,6,6
BCSPWR02,49,59,H3,30,7,7,0.0038,0.0027,1.37,37,30
BCSPWR02,49,59,H4,8,6,6,0.0015,0.0013,1.11,14,8
BCSPWR02,49,59,H5,13,6,6,0.0019,0.0016,1.23,19,13
BCSPWR03,118,179,H1,32,9,9,0.0114,0.0093,1.23,41,32
BCSPWR03,118,179,H2,10,10,10,0.0027,0.0035,0.76,10,10
BCSPWR03,118,179,H3,70,9,9,0.0181,0.0122,1.49,79,70
BCSPWR03,118,179,H4,11,8,8,0.0043,0.0036,1.2,19,11
BCSPWR03,118,179,H5,37,9,9,0.0103,0.0061,1.67,46,37
BCSPWR04,274,669,H1,168,25,25,0.0669,0.064,1.04,193,168
BCSPWR04,274,669,H2,26,24,24,0.022,0.0116,1.91,50,26
BCSPWR04,274,669,H3,242,32,32,0.1032,0.0882,1.17,274,242
BCSPWR04,274,669,H4,35,24,24,0.0262,0.0144,1.81,59,35
BCSPWR04,274,669,H5,171,25,25,0.0697,0.0594,1.17,196,171
BCSPWR05,443,590,H1,191,53,53,0.1491,0.1111,1.34,244,191
BCSPWR05,443,590,H2,54,48,48,0.0673,0.0377,1.78,102,54
BCSPWR05,443,590,H3,367,65,65,0.2849,0.2481,1.15,432,367
BCSPWR05,443,590,H4,67,49,49,0.0807,0.0449,1.8,116,67
BCSPWR05,443,590,H5,206,55,55,0.1633,0.1407,1.16,261,206
BCSPWR06,1454,1923,H1,632,151,151,1.7451,1.3887,1.26,783,632
BCSPWR06,1454,1923,H2,158,144,144,0.7025,0.3752,1.87,302,158
BCSPWR06,1454,1923,H3,1071,185,185,2.7011,2.8846,0.94,1256,1071
BCSPWR06,1454,1923,H4,183,146,146,0.9381,0.5016,1.87,329,183
BCSPWR06,1454,1923,H5,622,154,154,2.1021,1.4751,1.43,776,622
BCSPWR07,1612,2106,H1,686,174,174,2.1911,1.8088,1.21,860,686
BCSPWR07,1612,2106,H2,187,167,167,1.1002,0.4998,2.2,354,187
BCSPWR07,1612,2106,H3,1368,245,245,4.6449,4.0202,1.16,1613,1368
BCSPWR07,1612,2106,H4,219,174,174,1.1603,0.7109,1.63,393,219
BCSPWR07,1612,2106,H5,733,178,178,2.3927,1.9553,1.22,911,733
BCSPWR08,1624,2213,H1,731,178,178,2.505,1.9938,1.26,909,731
BCSPWR08,1624,2213,H2,180,165,165,1.0597,0.599,1.77,345,180
BCSPWR08,1624,2213,H3,1418,248,248,5.0396,4.0605,1.24,1666,1418
BCSPWR08,1624,2213,H4,209,171,171,1.2439,0.6631,1.88,380,209
BCSPWR08,1624,2213,H5,723,178,178,2.5562,2.1046,1.21,901,723
BCSPWR09,1723,2394,H1,519,174,174,2.1305,1.6828,1.27,693,519
BCSPWR09,1723,2394,H2,188,173,173,1.1838,0.6383,1.85,361,188
BCSPWR09,1723,2394,H3,1523,177,177,4.8289,4.0702,1.19,1700,1523
BCSPWR09,1723,2394,H4,233,177,177,1.7441,0.7506,2.32,410,233
BCSPWR09,1723,2394,H5,573,174,174,2.0361,1.4699,1.39,747,573
BCSPWR10,5300,8271,H1,2275,335,335,23.9186,20.3286,1.18,2610,2275
BCSPWR10,5300,8271,H2,366,327,327,7.9429,4.675,1.7,693,366
BCSPWR10,5300,8271,H3,4465,338,338,44.2365,38.577,1.15,4803,4465
BCSPWR10,5300,8271,H4,442,343,343,8.4801,5.2773,1.61,785,442
BCSPWR10,5300,8271,H5,2307,335,335,23.8025,19.5175,1.22,2642,2307
494_bus,494,586,H1,176,56,56,0.1771,0.1266,1.4,232,176
494_bus,494,586,H2,63,55,55,0.0879,0.0483,1.82,118,63
494_bus,494,586,H3,397,83,83,0.3301,0.2692,1.23,480,397
494_bus,494,586,H4,75,58,58,0.0981,0.0562,1.75,133,75
494_bus,494,586,H5,187,57,57,0.1672,0.1252,1.34,244,187
662_bus,662,906,H1,241,51,51,0.3037,0.2443,1.24,292,241
662_bus,662,906,H2,53,50,50,0.1174,0.0632,1.86,103,53
662_bus,662,906,H3,429,63,63,0.5122,0.4757,1.08,492,429
662_bus,662,906,H4,56,50,50,0.1294,0.0687,1.88,106,56
662_bus,662,906,H5,251,51,51,0.3357,0.3034,1.11,302,251
685_bus,685,1282,H1,276,50,50,0.4102,0.3647,1.12,326,276
685_bus,685,1282,H2,50,45,45,0.1249,0.0685,1.82,95,50
685_bus,685,1282,H3,580,61,61,0.8529,0.7074,1.21,641,580
685_bus,685,1282,H4,59,41,41,0.1528,0.1,1.53,100,59
685_bus,685,1282,H5,284,50,50,0.3865,0.3091,1.25,334,284
1138_bus,1138,1458,H1,434,149,149,0.9411,0.6927,1.36,583,434
1138_bus,1138,1458,H2,149,139,139,0.4989,0.2747,1.82,288,149
1138_bus,1138,1458,H3,878,188,188,1.8813,1.4899,1.26,1066,878
1138_bus,1138,1458,H4,170,145,145,0.5285,0.3217,1.64,315,170
1138_bus,1138,1458,H5,480,151,151,1.0112,0.8278,1.22,631,480
IEEE14,14,20,H1,4,2,2,0.0001,0.0001,1.22,6,4
IEEE14,14,20,H2,2,2,2,0.0,0.0001,0.72,2,2
IEEE14,14,20,H3,3,2,2,0.0001,0.0001,1.25,5,3
IEEE14,14,20,H4,2,2,2,0.0,0.0001,0.63,2,2
IEEE14,14,20,H5,2,2,2,0.0,0.0001,0.6,2,2
IEEE30,30,41,H1,7,3,3,0.0004,0.0003,1.19,10,7
IEEE30,30,41,H2,3,3,3,0.0001,0.0002,0.66,3,3
IEEE30,30,41,H3,13,4,4,0.0007,0.0006,1.16,17,13
IEEE30,30,41,H4,3,3,3,0.0001,0.0003,0.51,3,3
IEEE30,30,41,H5,9,3,3,0.0006,0.0004,1.4,12,9
IEEE57,57,78,H1,12,3,3,0.0015,0.0013,1.15,15,12
IEEE57,57,78,H2,4,4,4,0.0004,0.0005,0.76,4,4
IEEE57,57,78,H3,14,4,4,0.0016,0.0015,1.13,18,14
IEEE57,57,78,H4,6,4,4,0.0009,0.0007,1.35,10,6
IEEE57,57,78,H5,12,3,3,0.0013,0.0013,1.03,15,12
IEEE118,118,179,H1,36,10,10,0.0073,0.0059,1.24,46,36
IEEE118,118,179,H2,10,9,9,0.0033,0.0022,1.48,19,10
IEEE118,118,179,H3,70,10,10,0.0141,0.012,1.18,80,70
IEEE118,118,179,H4,11,8,8,0.0034,0.0023,1.45,19,11
IEEE118,118,179,H5,41,10,10,0.0082,0.0068,1.21,51,41
IEEE300,300,409,H1,155,32,32,0.076,0.0635,1.2,187,155
IEEE300,300,409,H2,36,31,31,0.0302,0.0175,1.73,67,36
IEEE300,300,409,H3,245,52,52,0.1256,0.1088,1.15,297,245
IEEE300,300,409,H4,40,34,34,0.0321,0.0199,1.62,74,40
IEEE300,300,409,H5,164,33,33,0.0802,0.0665,1.21,197,164
illinois200,200,245,H1,44,21,21,0.0163,0.0113,1.43,65,44
illinois200,200,245,H2,23,20,20,0.0127,0.0067,1.88,43,23
illinois200,200,245,H3,98,29,29,0.0317,0.0254,1.24,127,98
illinois200,200,245,H4,25,20,20,0.0126,0.0071,1.77,45,25
illinois200,200,245,H5,46,21,21,0.0165,0.0115,1.44,67,46
pegase1354,1354,1710,H1,495,182,182,1.177,0.888,1.33,677,495
pegase1354,1354,1710,H2,180,177,177,0.6739,0.3255,2.07,357,180
pegase1354,1354,1710,H3,1121,251,251,2.4311,2.1412,1.14,1372,1121
pegase1354,1354,1710,H4,213,178,178,0.6871,0.3833,1.79,391,213
pegase1354,1354,1710,H5,550,181,181,1.2119,1.0054,1.21,731,550
pegase2869,2869,3968,H1,1179,321,321,6.3413,5.0534,1.25,1500,1179
pegase2869,2869,3968,H2,326,309,309,3.1368,1.7418,1.8,635,326
pegase2869,2869,3968,H3,2510,453,453,12.6328,10.5156,1.2,2963,2510
pegase2869,2869,3968,H4,387,310,310,3.2085,1.8179,1.76,697,387
pegase2869,2869,3968,H5,1251,321,321,6.3669,4.7243,1.35,1572,1251
pegase9241,9241,14207,H1,3798,897,897,69.1357,53.8454,1.28,4695,3798
pegase9241,9241,14207,H2,920,850,850,30.3714,15.8908,1.91,1770,920
pegase9241,9241,14207,H3,8119,1225,1225,139.345,118.1823,1.18,9344,8119
pegase9241,9241,14207,H4,1058,859,859,32.6219,17.9867,1.81,1917,1058
pegase9241,9241,14207,H5,3975,918,918,71.335,57.404,1.24,4893,3975
case1888rte,1888,2308,H1,582,246,246,2.1061,1.4657,1.44,828,582
case1888rte,1888,2308,H2,254,238,238,1.3154,0.6993,1.88,492,254
case1888rte,1888,2308,H3,1363,359,359,4.3852,3.4741,1.26,1722,1363
case1888rte,1888,2308,H4,291,240,240,1.3739,0.7899,1.74,531,291
case1888rte,1888,2308,H5,778,264,264,2.4631,1.8301,1.35,1042,778
case2848rte,2848,3442,H1,884,364,364,4.8162,3.3685,1.43,1248,884
case2848rte,2848,3442,H2,381,355,355,3.0554,1.6036,1.91,736,381
case2848rte,2848,3442,H3,2229,559,559,10.8693,8.7037,1.25,2788,2229
case2848rte,2848,3442,H4,439,355,355,3.3562,1.8472,1.82,794,439
case2848rte,2848,3442,H5,1139,404,404,5.8399,4.2759,1.37,1543,1139
case6470rte,6470,8066,H1,2146,802,802,28.3794,21.1145,1.34,2948,2146
case6470rte,6470,8066,H2,802,754,754,18.6134,9.0719,2.05,1556,802
case6470rte,6470,8066,H3,5582,1228,1228,68.8437,55.1583,1.25,6810,5582
case6470rte,6470,8066,H4,911,754,754,16.5166,9.1996,1.8,1665,911
case6470rte,6470,8066,H5,2511,841,841,32.4165,23.4284,1.38,3352,2511
case1951rte,1882,2305,H1,594,249,249,2.1147,1.4803,1.43,843,594
case1951rte,1882,2305,H2,257,243,243,1.3674,0.7065,1.94,500,257
case1951rte,1882,2305,H3,1379,362,362,4.4313,3.5989,1.23,1741,1379
case1951rte,1882,2305,H4,297,244,244,1.4622,0.8067,1.81,541,297
case1951rte,1882,2305,H5,782,261,261,2.5208,1.8747,1.34,1043,782
case2868rte,2696,3240,H1,861,368,368,4.9873,3.171,1.57,1229,861
case2868rte,2696,3240,H2,378,349,349,2.9448,1.5254,1.93,727,378
case2868rte,2696,3240,H3,2239,618,618,10.9186,8.4602,1.29,2857,2239
case2868rte,2696,3240,H4,434,349,349,3.0678,1.7295,1.77,783,434
case2868rte,2696,3240,H5,1089,401,401,5.2866,3.7972,1.39,1490,1089
case6468rte,6461,8058,H1,2133,786,786,27.9758,19.8504,1.41,2919,2133
case6468rte,6461,8058,H2,783,736,736,23.7983,10.0331,2.37,1519,783
case6468rte,6461,8058,H3,5585,1202,1202,75.5434,59.668,1.27,6787,5585
case6468rte,6461,8058,H4,895,738,738,20.3375,10.5746,1.92,1633,895
case6468rte,6461,8058,H5,2499,829,829,35.9383,27.6407,1.3,3328,2499
