Dataset,Node,Twins,Near_Twins
BCSPWR01,0,[],"[(29, 1)]"
BCSPWR01,4,[6],"[(30, 1)]"
BCSPWR01,6,[4],"[(30, 1)]"
BCSPWR01,9,[],"[(11, 1)]"
BCSPWR01,11,[],"[(9, 1)]"
BCSPWR01,19,[],"[(32, 1)]"
BCSPWR01,20,[],"[(34, 1)]"
BCSPWR01,23,[],"[(35, 1)]"
BCSPWR01,27,[],"[(37, 1)]"
BCSPWR01,29,[],"[(0, 1)]"
BCSPWR01,30,[],"[(4, 1), (6, 1)]"
BCSPWR01,32,[],"[(19, 1)]"
BCSPWR01,34,[],"[(20, 1)]"
BCSPWR01,35,[],"[(23, 1)]"
BCSPWR01,37,[],"[(27, 1)]"
BCSPWR02,0,[3],[]
BCSPWR02,3,[0],[]
BCSPWR02,5,[],"[(11, 1)]"
BCSPWR02,8,"[9, 10]",[]
BCSPWR02,9,"[8, 10]",[]
BCSPWR02,10,"[8, 9]",[]
BCSPWR02,11,[],"[(5, 1), (35, 1)]"
BCSPWR02,23,"[24, 25]",[]
BCSPWR02,24,"[23, 25]",[]
BCSPWR02,25,"[23, 24]",[]
BCSPWR02,35,[],"[(11, 1)]"
BCSPWR02,46,[47],[]
BCSPWR02,47,[46],[]
BCSPWR03,8,[],"[(9, 1)]"
BCSPWR03,9,[],"[(8, 1)]"
BCSPWR03,14,[],"[(16, 1), (19, 1)]"
BCSPWR03,16,[],"[(14, 1)]"
BCSPWR03,17,[],"[(19, 1)]"
BCSPWR03,19,[],"[(14, 1), (17, 1), (20, 1), (21, 1)]"
BCSPWR03,20,[],"[(19, 1)]"
BCSPWR03,21,[],"[(19, 1)]"
BCSPWR03,28,[],"[(29, 1)]"
BCSPWR03,29,[],"[(28, 1)]"
BCSPWR03,40,[],"[(42, 1), (112, 1)]"
BCSPWR03,42,[],"[(40, 1)]"
BCSPWR03,53,[],"[(56, 1)]"
BCSPWR03,56,[],"[(53, 1)]"
BCSPWR03,78,[79],[]
BCSPWR03,79,[78],[]
BCSPWR03,82,[83],"[(84, 1)]"
BCSPWR03,83,[82],"[(84, 1)]"
BCSPWR03,84,[],"[(82, 1), (83, 1)]"
BCSPWR03,112,[],"[(40, 1)]"
BCSPWR04,2,[3],[]
BCSPWR04,3,[2],[]
BCSPWR04,6,[131],[]
BCSPWR04,9,[34],[]
BCSPWR04,16,[],"[(119, 1), (56, 1), (57, 1), (58, 1)]"
BCSPWR04,17,"[141, 192]",[]
BCSPWR04,18,[86],[]
BCSPWR04,28,[144],[]
BCSPWR04,29,[42],[]
BCSPWR04,31,[221],[]
BCSPWR04,34,[9],[]
BCSPWR04,42,[29],[]
BCSPWR04,53,[244],[]
BCSPWR04,56,"[57, 58]","[(16, 1)]"
BCSPWR04,57,"[56, 58]","[(16, 1)]"
BCSPWR04,58,"[56, 57]","[(16, 1)]"
BCSPWR04,65,[66],[]
BCSPWR04,66,[65],[]
BCSPWR04,72,[206],[]
BCSPWR04,73,[232],"[(218, 1), (219, 1)]"
BCSPWR04,86,[18],[]
BCSPWR04,94,[96],[]
BCSPWR04,96,[94],[]
BCSPWR04,101,[],"[(202, 1)]"
BCSPWR04,104,[],"[(222, 1)]"
BCSPWR04,110,[111],[]
BCSPWR04,111,[110],[]
BCSPWR04,119,[],"[(16, 1), (254, 1)]"
BCSPWR04,127,[],"[(245, 1)]"
BCSPWR04,131,[6],[]
BCSPWR04,141,"[17, 192]",[]
BCSPWR04,144,[28],[]
BCSPWR04,151,[],"[(201, 1), (152, 1)]"
BCSPWR04,152,[],"[(151, 1)]"
BCSPWR04,157,[],"[(174, 1)]"
BCSPWR04,165,[166],[]
BCSPWR04,166,[165],[]
BCSPWR04,174,[],"[(157, 1)]"
BCSPWR04,176,"[177, 178]",[]
BCSPWR04,177,"[176, 178]",[]
BCSPWR04,178,"[176, 177]",[]
BCSPWR04,179,[269],[]
BCSPWR04,192,"[17, 141]",[]
BCSPWR04,201,[],"[(151, 1)]"
BCSPWR04,202,[],"[(101, 1)]"
BCSPWR04,206,[72],[]
BCSPWR04,211,[266],[]
BCSPWR04,218,[219],"[(73, 1), (232, 1)]"
BCSPWR04,219,[218],"[(73, 1), (232, 1)]"
BCSPWR04,221,[31],[]
BCSPWR04,222,[],"[(104, 1)]"
BCSPWR04,232,[73],"[(218, 1), (219, 1)]"
BCSPWR04,244,[53],[]
BCSPWR04,245,[],"[(127, 1)]"
BCSPWR04,254,[],"[(119, 1)]"
BCSPWR04,266,[211],[]
BCSPWR04,269,[179],[]
BCSPWR05,0,[78],[]
BCSPWR05,3,[4],[]
BCSPWR05,4,[3],[]
BCSPWR05,5,[6],[]
BCSPWR05,6,[5],[]
BCSPWR05,10,[],"[(103, 1)]"
BCSPWR05,11,[],"[(178, 1)]"
BCSPWR05,13,[],"[(299, 1)]"
BCSPWR05,16,[],"[(240, 1), (440, 1)]"
BCSPWR05,17,[],"[(34, 1)]"
BCSPWR05,24,[],"[(298, 1), (363, 1)]"
BCSPWR05,28,[],"[(268, 1)]"
BCSPWR05,34,[],"[(17, 1)]"
BCSPWR05,39,[],"[(332, 1)]"
BCSPWR05,41,[],"[(183, 1)]"
BCSPWR05,45,"[46, 47, 48]",[]
BCSPWR05,46,"[45, 47, 48]",[]
BCSPWR05,47,"[45, 46, 48]",[]
BCSPWR05,48,"[45, 46, 47]",[]
BCSPWR05,54,[55],"[(175, 1)]"
BCSPWR05,55,[54],"[(175, 1)]"
BCSPWR05,61,"[62, 63]","[(362, 1)]"
BCSPWR05,62,"[61, 63]","[(362, 1)]"
BCSPWR05,63,"[61, 62]","[(362, 1)]"
BCSPWR05,67,[],"[(135, 1), (141, 1)]"
BCSPWR05,72,[],"[(246, 1), (247, 1), (248, 1)]"
BCSPWR05,74,[],"[(410, 1)]"
BCSPWR05,76,[],"[(166, 1)]"
BCSPWR05,78,[0],[]
BCSPWR05,80,[],"[(268, 1)]"
BCSPWR05,84,[],"[(279, 1)]"
BCSPWR05,95,[96],[]
BCSPWR05,96,[95],[]
BCSPWR05,100,[101],"[(263, 1)]"
BCSPWR05,101,[100],"[(263, 1)]"
BCSPWR05,102,[105],[]
BCSPWR05,103,[],"[(10, 1)]"
BCSPWR05,105,[102],[]
BCSPWR05,129,[],"[(370, 1)]"
BCSPWR05,133,[],"[(292, 1)]"
BCSPWR05,134,[],"[(294, 1)]"
BCSPWR05,135,[],"[(67, 1)]"
BCSPWR05,139,[],"[(268, 1)]"
BCSPWR05,141,[],"[(67, 1)]"
BCSPWR05,154,[155],[]
BCSPWR05,155,[154],[]
BCSPWR05,157,[158],[]
BCSPWR05,158,[157],[]
BCSPWR05,166,[],"[(76, 1), (345, 1)]"
BCSPWR05,175,[],"[(54, 1), (55, 1)]"
BCSPWR05,177,[],"[(178, 1), (246, 1), (247, 1), (248, 1)]"
BCSPWR05,178,[],"[(11, 1), (177, 1), (226, 1), (266, 1)]"
BCSPWR05,183,[],"[(41, 1)]"
BCSPWR05,196,[197],[]
BCSPWR05,197,[196],[]
BCSPWR05,208,[],"[(358, 1), (359, 1), (341, 1), (342, 1), (343, 1), (344, 1)]"
BCSPWR05,218,[],"[(315, 1)]"
BCSPWR05,224,[225],[]
BCSPWR05,225,[224],[]
BCSPWR05,226,[],"[(178, 1)]"
BCSPWR05,227,[],"[(312, 1)]"
BCSPWR05,236,"[237, 238]",[]
BCSPWR05,237,"[236, 238]",[]
BCSPWR05,238,"[236, 237]",[]
BCSPWR05,240,[440],"[(16, 1), (307, 1)]"
BCSPWR05,246,"[247, 248]","[(72, 1), (177, 1)]"
BCSPWR05,247,"[246, 248]","[(72, 1), (177, 1)]"
BCSPWR05,248,"[246, 247]","[(72, 1), (177, 1)]"
BCSPWR05,260,[],"[(326, 1)]"
BCSPWR05,263,[],"[(100, 1), (101, 1)]"
BCSPWR05,266,[],"[(178, 1)]"
BCSPWR05,268,[],"[(28, 1), (80, 1), (139, 1)]"
BCSPWR05,273,[],"[(275, 1)]"
BCSPWR05,274,[],"[(275, 1)]"
BCSPWR05,275,[],"[(273, 1), (274, 1), (276, 1)]"
BCSPWR05,276,[],"[(275, 1)]"
BCSPWR05,279,[],"[(84, 1)]"
BCSPWR05,289,[290],[]
BCSPWR05,290,[289],[]
BCSPWR05,292,[],"[(133, 1)]"
BCSPWR05,294,[],"[(134, 1)]"
BCSPWR05,298,[],"[(24, 1)]"
BCSPWR05,299,[],"[(13, 1)]"
BCSPWR05,302,[303],[]
BCSPWR05,303,[302],[]
BCSPWR05,307,[],"[(240, 1), (440, 1)]"
BCSPWR05,311,[320],[]
BCSPWR05,312,[],"[(227, 1)]"
BCSPWR05,315,[],"[(218, 1)]"
BCSPWR05,317,"[318, 319]","[(330, 1)]"
BCSPWR05,318,"[317, 319]","[(330, 1)]"
BCSPWR05,319,"[317, 318]","[(330, 1)]"
BCSPWR05,320,[311],[]
BCSPWR05,326,[],"[(260, 1)]"
BCSPWR05,330,[],"[(317, 1), (318, 1), (319, 1)]"
BCSPWR05,332,[],"[(39, 1)]"
BCSPWR05,334,[],"[(383, 1)]"
BCSPWR05,341,"[342, 343, 344]","[(208, 1)]"
BCSPWR05,342,"[341, 343, 344]","[(208, 1)]"
BCSPWR05,343,"[341, 342, 344]","[(208, 1)]"
BCSPWR05,344,"[341, 342, 343]","[(208, 1)]"
BCSPWR05,345,[],"[(166, 1)]"
BCSPWR05,354,[355],[]
BCSPWR05,355,[354],[]
BCSPWR05,358,[359],"[(208, 1), (362, 1)]"
BCSPWR05,359,[358],"[(208, 1), (362, 1)]"
BCSPWR05,362,[],"[(61, 1), (62, 1), (63, 1), (358, 1), (359, 1)]"
BCSPWR05,363,[],"[(24, 1), (423, 1)]"
BCSPWR05,364,[],"[(375, 1)]"
BCSPWR05,370,[],"[(129, 1)]"
BCSPWR05,372,[378],[]
BCSPWR05,375,[],"[(364, 1)]"
BCSPWR05,378,[372],[]
BCSPWR05,383,[],"[(334, 1)]"
BCSPWR05,408,[],"[(410, 1)]"
BCSPWR05,410,[],"[(74, 1), (408, 1)]"
BCSPWR05,420,[421],[]
BCSPWR05,421,[420],[]
BCSPWR05,423,[],"[(363, 1)]"
BCSPWR05,440,[240],"[(16, 1), (307, 1)]"
BCSPWR06,2,[5],[]
BCSPWR06,5,[2],[]
BCSPWR06,8,[],"[(11, 1)]"
BCSPWR06,10,[],"[(11, 1)]"
BCSPWR06,11,[],"[(8, 1), (10, 1), (27, 1)]"
BCSPWR06,17,[],"[(133, 1)]"
BCSPWR06,21,[],"[(91, 1)]"
BCSPWR06,26,[],"[(117, 1)]"
BCSPWR06,27,[],"[(11, 1)]"
BCSPWR06,35,[],"[(75, 1)]"
BCSPWR06,38,[39],"[(191, 1)]"
BCSPWR06,39,[38],"[(191, 1)]"
BCSPWR06,41,[],"[(133, 1)]"
BCSPWR06,43,[],"[(163, 1)]"
BCSPWR06,45,[48],"[(76, 1)]"
BCSPWR06,48,[45],"[(76, 1)]"
BCSPWR06,49,[],"[(163, 1)]"
BCSPWR06,51,[52],[]
BCSPWR06,52,[51],[]
BCSPWR06,55,"[56, 57, 63]","[(513, 1)]"
BCSPWR06,56,"[55, 57, 63]","[(513, 1)]"
BCSPWR06,57,"[55, 56, 63]","[(513, 1)]"
BCSPWR06,58,[],"[(1402, 1)]"
BCSPWR06,63,"[55, 56, 57]","[(513, 1)]"
BCSPWR06,64,[],"[(80, 1), (81, 1), (158, 1)]"
BCSPWR06,67,[],"[(94, 1)]"
BCSPWR06,74,[],"[(133, 1)]"
BCSPWR06,75,[],"[(35, 1)]"
BCSPWR06,76,[],"[(45, 1), (48, 1)]"
BCSPWR06,80,[81],"[(64, 1)]"
BCSPWR06,81,[80],"[(64, 1)]"
BCSPWR06,91,[],"[(21, 1)]"
BCSPWR06,94,[],"[(67, 1)]"
BCSPWR06,111,[112],[]
BCSPWR06,112,[111],[]
BCSPWR06,114,[115],[]
BCSPWR06,115,[114],[]
BCSPWR06,117,[],"[(26, 1)]"
BCSPWR06,121,[122],[]
BCSPWR06,122,[121],[]
BCSPWR06,133,[],"[(17, 1), (41, 1), (74, 1)]"
BCSPWR06,141,[],"[(142, 1)]"
BCSPWR06,142,[],"[(141, 1)]"
BCSPWR06,151,[152],[]
BCSPWR06,152,[151],[]
BCSPWR06,158,[],"[(64, 1)]"
BCSPWR06,160,[],"[(165, 1)]"
BCSPWR06,163,[],"[(43, 1), (49, 1), (166, 1), (171, 1)]"
BCSPWR06,165,[],"[(160, 1), (167, 1)]"
BCSPWR06,166,[],"[(163, 1)]"
BCSPWR06,167,[],"[(165, 1)]"
BCSPWR06,171,[],"[(163, 1)]"
BCSPWR06,175,[176],[]
BCSPWR06,176,[175],[]
BCSPWR06,190,[],"[(191, 1)]"
BCSPWR06,191,[],"[(38, 1), (39, 1), (190, 1)]"
BCSPWR06,204,[],"[(205, 1)]"
BCSPWR06,205,[],"[(204, 1), (206, 1)]"
BCSPWR06,206,[],"[(205, 1)]"
BCSPWR06,208,[],"[(218, 1)]"
BCSPWR06,210,[],"[(216, 1)]"
BCSPWR06,211,[],"[(286, 1)]"
BCSPWR06,216,[],"[(210, 1)]"
BCSPWR06,218,[],"[(208, 1)]"
BCSPWR06,223,[],"[(261, 1), (1429, 1)]"
BCSPWR06,225,[],"[(274, 1)]"
BCSPWR06,226,[236],[]
BCSPWR06,231,"[232, 233]",[]
BCSPWR06,232,"[231, 233]",[]
BCSPWR06,233,"[231, 232]",[]
BCSPWR06,236,[226],[]
BCSPWR06,237,[],"[(254, 1)]"
BCSPWR06,239,[],"[(254, 1)]"
BCSPWR06,250,[],"[(270, 1), (271, 1)]"
BCSPWR06,254,[],"[(237, 1), (239, 1)]"
BCSPWR06,261,[],"[(223, 1)]"
BCSPWR06,270,[],"[(250, 1)]"
BCSPWR06,271,[],"[(250, 1)]"
BCSPWR06,274,[],"[(225, 1)]"
BCSPWR06,283,[],"[(1440, 1)]"
BCSPWR06,286,[],"[(211, 1)]"
BCSPWR06,290,[],"[(327, 1), (1388, 1)]"
BCSPWR06,293,"[318, 323, 339]","[(338, 1)]"
BCSPWR06,294,[],"[(310, 1)]"
BCSPWR06,300,[],"[(302, 1), (303, 1)]"
BCSPWR06,302,[303],"[(300, 1)]"
BCSPWR06,303,[302],"[(300, 1)]"
BCSPWR06,309,[],"[(333, 1)]"
BCSPWR06,310,[],"[(294, 1), (330, 1)]"
BCSPWR06,312,[],"[(664, 1)]"
BCSPWR06,315,[],"[(316, 1)]"
BCSPWR06,316,[],"[(315, 1), (326, 1), (338, 1)]"
BCSPWR06,318,"[293, 323, 339]","[(338, 1)]"
BCSPWR06,323,"[293, 318, 339]","[(338, 1)]"
BCSPWR06,326,[],"[(316, 1)]"
BCSPWR06,327,[],"[(290, 1)]"
BCSPWR06,330,[],"[(310, 1)]"
BCSPWR06,333,[],"[(309, 1)]"
BCSPWR06,338,[],"[(293, 1), (316, 1), (318, 1), (323, 1), (339, 1)]"
BCSPWR06,339,"[293, 318, 323]","[(338, 1)]"
BCSPWR06,345,[],"[(374, 1)]"
BCSPWR06,367,[],"[(386, 1)]"
BCSPWR06,368,[],"[(378, 1)]"
BCSPWR06,370,[372],[]
BCSPWR06,372,[370],[]
BCSPWR06,374,[],"[(345, 1)]"
BCSPWR06,378,[],"[(368, 1)]"
BCSPWR06,384,[],"[(388, 1)]"
BCSPWR06,386,[],"[(367, 1)]"
BCSPWR06,388,[],"[(384, 1)]"
BCSPWR06,393,[394],[]
BCSPWR06,394,[393],[]
BCSPWR06,404,"[417, 438, 440, 442]","[(427, 1), (428, 1)]"
BCSPWR06,408,[422],[]
BCSPWR06,417,"[404, 438, 440, 442]","[(427, 1), (428, 1)]"
BCSPWR06,418,[419],[]
BCSPWR06,419,[418],[]
BCSPWR06,421,[],"[(1337, 1)]"
BCSPWR06,422,[408],[]
BCSPWR06,427,[],"[(404, 1), (417, 1), (442, 1), (438, 1), (440, 1)]"
BCSPWR06,428,[],"[(404, 1), (417, 1), (438, 1), (440, 1), (442, 1)]"
BCSPWR06,435,[],"[(436, 1)]"
BCSPWR06,436,[],"[(435, 1), (696, 1)]"
BCSPWR06,438,"[404, 417, 440, 442]","[(427, 1), (428, 1)]"
BCSPWR06,440,"[404, 417, 438, 442]","[(427, 1), (428, 1)]"
BCSPWR06,442,"[404, 417, 438, 440]","[(427, 1), (428, 1)]"
BCSPWR06,444,[],"[(607, 1)]"
BCSPWR06,452,[],"[(494, 1)]"
BCSPWR06,455,[],"[(456, 1)]"
BCSPWR06,456,[],"[(455, 1), (458, 1)]"
BCSPWR06,458,[],"[(456, 1)]"
BCSPWR06,469,[493],[]
BCSPWR06,483,[],"[(494, 1)]"
BCSPWR06,486,"[487, 488]",[]
BCSPWR06,487,"[486, 488]",[]
BCSPWR06,488,"[486, 487]",[]
BCSPWR06,493,[469],[]
BCSPWR06,494,[],"[(452, 1), (483, 1)]"
BCSPWR06,503,[572],[]
BCSPWR06,504,[],"[(570, 1)]"
BCSPWR06,506,[],"[(531, 1)]"
BCSPWR06,513,[],"[(55, 1), (56, 1), (57, 1), (63, 1)]"
BCSPWR06,524,[],"[(543, 1)]"
BCSPWR06,531,[],"[(506, 1), (532, 1), (533, 1)]"
BCSPWR06,532,[533],"[(531, 1)]"
BCSPWR06,533,[532],"[(531, 1)]"
BCSPWR06,536,[],"[(562, 1), (563, 1)]"
BCSPWR06,539,[540],[]
BCSPWR06,540,[539],[]
BCSPWR06,541,[542],[]
BCSPWR06,542,[541],[]
BCSPWR06,543,[],"[(524, 1)]"
BCSPWR06,552,[553],[]
BCSPWR06,553,[552],[]
BCSPWR06,562,[563],"[(536, 1)]"
BCSPWR06,563,[562],"[(536, 1)]"
BCSPWR06,565,[],"[(567, 1)]"
BCSPWR06,567,[],"[(565, 1)]"
BCSPWR06,570,[],"[(504, 1)]"
BCSPWR06,572,[503],[]
BCSPWR06,587,[589],[]
BCSPWR06,589,[587],[]
BCSPWR06,596,[],"[(644, 1), (645, 1), (646, 1)]"
BCSPWR06,598,[],"[(644, 1), (645, 1), (646, 1), (695, 1)]"
BCSPWR06,599,[],"[(737, 1)]"
BCSPWR06,601,[],"[(802, 1)]"
BCSPWR06,604,[],"[(640, 1), (793, 1)]"
BCSPWR06,607,[],"[(444, 1)]"
BCSPWR06,611,[],"[(782, 1), (792, 1)]"
BCSPWR06,612,[],"[(644, 1), (645, 1), (646, 1)]"
BCSPWR06,613,[],"[(753, 1)]"
BCSPWR06,617,[],"[(644, 1), (645, 1), (646, 1)]"
BCSPWR06,620,[621],[]
BCSPWR06,621,[620],[]
BCSPWR06,634,[],"[(833, 1), (767, 1)]"
BCSPWR06,637,[638],[]
BCSPWR06,638,[637],[]
BCSPWR06,640,[793],"[(604, 1)]"
BCSPWR06,644,"[645, 646]","[(596, 1), (598, 1), (612, 1), (617, 1), (682, 1)]"
BCSPWR06,645,"[644, 646]","[(596, 1), (598, 1), (612, 1), (617, 1), (682, 1)]"
BCSPWR06,646,"[644, 645]","[(596, 1), (598, 1), (612, 1), (617, 1), (682, 1)]"
BCSPWR06,650,[663],[]
BCSPWR06,653,[],"[(786, 1)]"
BCSPWR06,656,[],"[(831, 1)]"
BCSPWR06,663,[650],[]
BCSPWR06,664,[],"[(312, 1)]"
BCSPWR06,668,[],"[(737, 1)]"
BCSPWR06,682,[],"[(644, 1), (645, 1), (646, 1)]"
BCSPWR06,685,[],"[(737, 1)]"
BCSPWR06,692,[693],[]
BCSPWR06,693,[692],[]
BCSPWR06,695,[],"[(598, 1)]"
BCSPWR06,696,[],"[(436, 1)]"
BCSPWR06,726,[],"[(816, 1)]"
BCSPWR06,731,[],"[(782, 1), (792, 1)]"
BCSPWR06,737,[],"[(599, 1), (668, 1), (685, 1), (791, 1)]"
BCSPWR06,748,[],"[(799, 1)]"
BCSPWR06,753,[],"[(613, 1)]"
BCSPWR06,760,[790],"[(789, 1)]"
BCSPWR06,764,[],"[(822, 1)]"
BCSPWR06,767,[],"[(634, 1)]"
BCSPWR06,781,[],"[(823, 1)]"
BCSPWR06,782,[792],"[(611, 1), (731, 1)]"
BCSPWR06,786,[],"[(653, 1)]"
BCSPWR06,789,[],"[(760, 1), (790, 1)]"
BCSPWR06,790,[760],"[(789, 1)]"
BCSPWR06,791,[],"[(737, 1)]"
BCSPWR06,792,[782],"[(611, 1), (731, 1)]"
BCSPWR06,793,[640],"[(604, 1)]"
BCSPWR06,794,[],"[(805, 1)]"
BCSPWR06,799,[],"[(748, 1)]"
BCSPWR06,802,[],"[(601, 1), (807, 1)]"
BCSPWR06,805,[],"[(794, 1)]"
BCSPWR06,807,[],"[(802, 1)]"
BCSPWR06,816,[],"[(726, 1)]"
BCSPWR06,822,[],"[(764, 1)]"
BCSPWR06,823,[],"[(781, 1)]"
BCSPWR06,829,[830],[]
BCSPWR06,830,[829],[]
BCSPWR06,831,[],"[(656, 1)]"
BCSPWR06,833,[],"[(634, 1)]"
BCSPWR06,839,"[877, 923]",[]
BCSPWR06,841,[892],"[(906, 1)]"
BCSPWR06,847,[944],[]
BCSPWR06,854,[855],[]
BCSPWR06,855,[854],[]
BCSPWR06,858,[],"[(870, 1)]"
BCSPWR06,859,[],"[(952, 1)]"
BCSPWR06,861,[],"[(933, 1)]"
BCSPWR06,864,[889],[]
BCSPWR06,866,[967],"[(940, 1)]"
BCSPWR06,870,[],"[(858, 1), (913, 1)]"
BCSPWR06,872,[873],[]
BCSPWR06,873,[872],[]
BCSPWR06,877,"[839, 923]",[]
BCSPWR06,882,[],"[(955, 1), (956, 1), (957, 1), (958, 1)]"
BCSPWR06,889,[864],[]
BCSPWR06,892,[841],"[(906, 1)]"
BCSPWR06,895,[],"[(909, 1)]"
BCSPWR06,903,[946],[]
BCSPWR06,904,"[907, 987]",[]
BCSPWR06,906,[],"[(841, 1), (892, 1)]"
BCSPWR06,907,"[904, 987]",[]
BCSPWR06,909,[],"[(895, 1)]"
BCSPWR06,910,[988],[]
BCSPWR06,913,[],"[(870, 1)]"
BCSPWR06,920,[],"[(960, 1)]"
BCSPWR06,923,"[839, 877]",[]
BCSPWR06,928,[929],[]
BCSPWR06,929,[928],[]
BCSPWR06,932,[],"[(935, 1)]"
BCSPWR06,933,[],"[(861, 1), (935, 1)]"
BCSPWR06,935,[],"[(932, 1), (933, 1)]"
BCSPWR06,940,[],"[(866, 1), (967, 1)]"
BCSPWR06,944,[847],[]
BCSPWR06,945,[],"[(948, 1), (949, 1)]"
BCSPWR06,946,[903],[]
BCSPWR06,948,[949],"[(945, 1)]"
BCSPWR06,949,[948],"[(945, 1)]"
BCSPWR06,950,[],"[(955, 1), (956, 1), (957, 1), (958, 1)]"
BCSPWR06,952,[],"[(859, 1)]"
BCSPWR06,953,[],"[(995, 1)]"
BCSPWR06,955,"[956, 957, 958]","[(882, 1), (950, 1), (972, 1)]"
BCSPWR06,956,"[955, 957, 958]","[(882, 1), (950, 1), (972, 1)]"
BCSPWR06,957,"[955, 956, 958]","[(882, 1), (950, 1), (972, 1)]"
BCSPWR06,958,"[955, 956, 957]","[(882, 1), (950, 1), (972, 1)]"
BCSPWR06,960,[],"[(920, 1)]"
BCSPWR06,966,[],"[(994, 1), (976, 1)]"
BCSPWR06,967,[866],"[(940, 1)]"
BCSPWR06,972,[],"[(955, 1), (956, 1), (957, 1), (958, 1)]"
BCSPWR06,976,[994],"[(966, 1)]"
BCSPWR06,987,"[904, 907]",[]
BCSPWR06,988,[910],[]
BCSPWR06,994,[976],"[(966, 1)]"
BCSPWR06,995,[],"[(953, 1)]"
BCSPWR06,999,[],"[(1393, 1), (1394, 1), (1395, 1)]"
BCSPWR06,1001,[],"[(1005, 1)]"
BCSPWR06,1005,[],"[(1001, 1), (1257, 1)]"
BCSPWR06,1006,[1007],"[(1017, 1)]"
BCSPWR06,1007,[1006],"[(1017, 1)]"
BCSPWR06,1008,[],"[(1304, 1)]"
BCSPWR06,1014,[],"[(1347, 1)]"
BCSPWR06,1017,[],"[(1006, 1), (1007, 1)]"
BCSPWR06,1032,[],"[(1312, 1), (1043, 1)]"
BCSPWR06,1038,[],"[(1039, 1)]"
BCSPWR06,1039,[],"[(1038, 1), (1059, 1)]"
BCSPWR06,1043,[],"[(1032, 1)]"
BCSPWR06,1045,"[1048, 1049]",[]
BCSPWR06,1048,"[1045, 1049]",[]
BCSPWR06,1049,"[1045, 1048]",[]
BCSPWR06,1052,[],"[(1070, 1)]"
BCSPWR06,1053,[],"[(1070, 1)]"
BCSPWR06,1054,[],"[(1056, 1)]"
BCSPWR06,1056,[],"[(1054, 1)]"
BCSPWR06,1059,[],"[(1039, 1)]"
BCSPWR06,1070,[],"[(1052, 1), (1053, 1)]"
BCSPWR06,1080,[],"[(1084, 1)]"
BCSPWR06,1084,[],"[(1080, 1)]"
BCSPWR06,1089,[],"[(1093, 1), (1094, 1), (1107, 1)]"
BCSPWR06,1093,"[1094, 1107]","[(1089, 1), (1096, 1), (1098, 1), (1106, 1), (1109, 1)]"
BCSPWR06,1094,"[1093, 1107]","[(1089, 1), (1096, 1), (1098, 1), (1106, 1), (1109, 1)]"
BCSPWR06,1096,[1098],"[(1093, 1), (1094, 1), (1107, 1)]"
BCSPWR06,1098,[1096],"[(1093, 1), (1094, 1), (1107, 1)]"
BCSPWR06,1101,[1102],"[(1115, 1), (1116, 1), (1117, 1)]"
BCSPWR06,1102,[1101],"[(1115, 1), (1116, 1), (1117, 1)]"
BCSPWR06,1103,[],"[(1115, 1), (1116, 1), (1117, 1)]"
BCSPWR06,1106,[],"[(1093, 1), (1094, 1), (1107, 1)]"
BCSPWR06,1107,"[1093, 1094]","[(1089, 1), (1096, 1), (1098, 1), (1106, 1), (1109, 1)]"
BCSPWR06,1109,[],"[(1093, 1), (1094, 1), (1107, 1)]"
BCSPWR06,1111,[],"[(1231, 1)]"
BCSPWR06,1112,[],"[(1115, 1), (1116, 1), (1117, 1)]"
BCSPWR06,1115,"[1116, 1117]","[(1101, 1), (1102, 1), (1103, 1), (1112, 1)]"
BCSPWR06,1116,"[1115, 1117]","[(1101, 1), (1102, 1), (1103, 1), (1112, 1)]"
BCSPWR06,1117,"[1115, 1116]","[(1101, 1), (1102, 1), (1103, 1), (1112, 1)]"
BCSPWR06,1120,[],"[(1125, 1), (1126, 1), (1131, 1)]"
BCSPWR06,1125,[1126],"[(1120, 1), (1127, 1)]"
BCSPWR06,1126,[1125],"[(1120, 1), (1127, 1)]"
BCSPWR06,1127,[],"[(1125, 1), (1126, 1)]"
BCSPWR06,1131,[],"[(1120, 1)]"
BCSPWR06,1132,[1143],[]
BCSPWR06,1134,[],"[(1145, 1), (1146, 1), (1147, 1)]"
BCSPWR06,1137,[],"[(1150, 1)]"
BCSPWR06,1138,[],"[(1145, 1), (1146, 1), (1147, 1)]"
BCSPWR06,1140,[1141],[]
BCSPWR06,1141,[1140],[]
BCSPWR06,1143,[1132],[]
BCSPWR06,1145,"[1146, 1147]","[(1134, 1), (1138, 1)]"
BCSPWR06,1146,"[1145, 1147]","[(1134, 1), (1138, 1)]"
BCSPWR06,1147,"[1145, 1146]","[(1134, 1), (1138, 1)]"
BCSPWR06,1150,[],"[(1137, 1)]"
BCSPWR06,1162,[],"[(1221, 1), (1227, 1)]"
BCSPWR06,1179,[],"[(1218, 1)]"
BCSPWR06,1183,[],"[(1222, 1)]"
BCSPWR06,1189,[1190],[]
BCSPWR06,1190,[1189],[]
BCSPWR06,1212,[1213],[]
BCSPWR06,1213,[1212],[]
BCSPWR06,1218,[],"[(1179, 1)]"
BCSPWR06,1221,[],"[(1162, 1)]"
BCSPWR06,1222,[],"[(1183, 1)]"
BCSPWR06,1227,[],"[(1162, 1)]"
BCSPWR06,1231,[],"[(1111, 1)]"
BCSPWR06,1238,[],"[(1290, 1)]"
BCSPWR06,1257,[],"[(1005, 1)]"
BCSPWR06,1265,[],"[(1290, 1)]"
BCSPWR06,1274,[],"[(1349, 1)]"
BCSPWR06,1290,[],"[(1238, 1), (1265, 1), (1291, 1), (1292, 1)]"
BCSPWR06,1291,[],"[(1290, 1)]"
BCSPWR06,1292,[],"[(1290, 1)]"
BCSPWR06,1298,[],"[(1314, 1), (1316, 1)]"
BCSPWR06,1300,[],"[(1325, 1)]"
BCSPWR06,1303,[],"[(1310, 1)]"
BCSPWR06,1304,[],"[(1008, 1)]"
BCSPWR06,1306,[],"[(1309, 1)]"
BCSPWR06,1309,[],"[(1306, 1)]"
BCSPWR06,1310,[],"[(1303, 1)]"
BCSPWR06,1312,[],"[(1032, 1), (1318, 1)]"
BCSPWR06,1314,[1316],"[(1298, 1)]"
BCSPWR06,1316,[1314],"[(1298, 1)]"
BCSPWR06,1318,[],"[(1312, 1)]"
BCSPWR06,1325,[],"[(1300, 1)]"
BCSPWR06,1331,[],"[(1336, 1)]"
BCSPWR06,1332,[],"[(1335, 1)]"
BCSPWR06,1335,[],"[(1332, 1)]"
BCSPWR06,1336,[],"[(1331, 1)]"
BCSPWR06,1337,[],"[(421, 1), (1346, 1)]"
BCSPWR06,1340,[],"[(1344, 1)]"
BCSPWR06,1344,[],"[(1340, 1)]"
BCSPWR06,1346,[],"[(1337, 1)]"
BCSPWR06,1347,[],"[(1014, 1)]"
BCSPWR06,1349,[],"[(1274, 1)]"
BCSPWR06,1363,[1364],"[(1408, 1), (1420, 1)]"
BCSPWR06,1364,[1363],"[(1408, 1), (1420, 1)]"
BCSPWR06,1367,[],"[(1383, 1), (1384, 1)]"
BCSPWR06,1370,[1371],"[(1416, 1)]"
BCSPWR06,1371,[1370],"[(1416, 1)]"
BCSPWR06,1374,[],"[(1387, 1)]"
BCSPWR06,1379,[],"[(1390, 1)]"
BCSPWR06,1381,[],"[(1412, 1)]"
BCSPWR06,1383,[1384],"[(1367, 1), (1402, 1)]"
BCSPWR06,1384,[1383],"[(1367, 1), (1402, 1)]"
BCSPWR06,1387,[],"[(1374, 1)]"
BCSPWR06,1388,[],"[(290, 1)]"
BCSPWR06,1390,[],"[(1379, 1), (1398, 1)]"
BCSPWR06,1393,"[1394, 1395]","[(999, 1)]"
BCSPWR06,1394,"[1393, 1395]","[(999, 1)]"
BCSPWR06,1395,"[1393, 1394]","[(999, 1)]"
BCSPWR06,1398,[],"[(1390, 1)]"
BCSPWR06,1399,[],"[(1410, 1)]"
BCSPWR06,1402,[],"[(58, 1), (1383, 1), (1384, 1)]"
BCSPWR06,1404,[1409],[]
BCSPWR06,1408,[],"[(1363, 1), (1364, 1)]"
BCSPWR06,1409,[1404],[]
BCSPWR06,1410,[],"[(1399, 1)]"
BCSPWR06,1412,[],"[(1381, 1)]"
BCSPWR06,1416,[],"[(1370, 1), (1371, 1)]"
BCSPWR06,1420,[],"[(1363, 1), (1364, 1)]"
BCSPWR06,1424,[],"[(1438, 1)]"
BCSPWR06,1427,[],"[(1441, 1), (1431, 1)]"
BCSPWR06,1429,[],"[(223, 1)]"
BCSPWR06,1431,[],"[(1427, 1), (1432, 1)]"
BCSPWR06,1432,[],"[(1431, 1)]"
BCSPWR06,1436,[],"[(1453, 1)]"
BCSPWR06,1438,[],"[(1424, 1)]"
BCSPWR06,1440,[],"[(283, 1), (1443, 1)]"
BCSPWR06,1441,[],"[(1427, 1), (1445, 1)]"
BCSPWR06,1443,[],"[(1440, 1)]"
BCSPWR06,1445,[],"[(1441, 1)]"
BCSPWR06,1453,[],"[(1436, 1)]"
BCSPWR07,1,[4],[]
BCSPWR07,4,[1],[]
BCSPWR07,7,[],"[(32, 1), (23, 1)]"
BCSPWR07,10,[11],"[(185, 1)]"
BCSPWR07,11,[10],"[(185, 1)]"
BCSPWR07,16,[],"[(40, 1)]"
BCSPWR07,18,[],"[(159, 1)]"
BCSPWR07,21,[],"[(150, 1), (149, 1)]"
BCSPWR07,23,[],"[(7, 1)]"
BCSPWR07,24,[],"[(111, 1)]"
BCSPWR07,30,[],"[(31, 1)]"
BCSPWR07,31,[],"[(30, 1), (141, 1)]"
BCSPWR07,32,[],"[(7, 1)]"
BCSPWR07,35,[],"[(36, 1), (50, 1)]"
BCSPWR07,36,[],"[(35, 1), (123, 1)]"
BCSPWR07,37,[],"[(206, 1)]"
BCSPWR07,40,[],"[(16, 1), (86, 1)]"
BCSPWR07,43,"[44, 45, 46]","[(231, 1)]"
BCSPWR07,44,"[43, 45, 46]","[(231, 1)]"
BCSPWR07,45,"[43, 44, 46]","[(231, 1)]"
BCSPWR07,46,"[43, 44, 45]","[(231, 1)]"
BCSPWR07,49,[],"[(159, 1)]"
BCSPWR07,50,[],"[(35, 1)]"
BCSPWR07,51,[],"[(194, 1), (195, 1)]"
BCSPWR07,53,"[56, 57]","[(87, 1)]"
BCSPWR07,56,"[53, 57]","[(87, 1)]"
BCSPWR07,57,"[53, 56]","[(87, 1)]"
BCSPWR07,58,[],"[(194, 1), (195, 1)]"
BCSPWR07,60,[61],[]
BCSPWR07,61,[60],[]
BCSPWR07,64,"[65, 66, 69]",[]
BCSPWR07,65,"[64, 66, 69]",[]
BCSPWR07,66,"[64, 65, 69]",[]
BCSPWR07,67,[],"[(1431, 1)]"
BCSPWR07,69,"[64, 65, 66]",[]
BCSPWR07,85,[],"[(159, 1)]"
BCSPWR07,86,[],"[(40, 1)]"
BCSPWR07,87,[],"[(53, 1), (56, 1), (57, 1)]"
BCSPWR07,91,[92],[]
BCSPWR07,92,[91],[]
BCSPWR07,96,"[99, 100]",[]
BCSPWR07,97,[98],[]
BCSPWR07,98,[97],[]
BCSPWR07,99,"[96, 100]",[]
BCSPWR07,100,"[96, 99]",[]
BCSPWR07,108,"[109, 110]",[]
BCSPWR07,109,"[108, 110]",[]
BCSPWR07,110,"[108, 109]",[]
BCSPWR07,111,[],"[(24, 1)]"
BCSPWR07,114,[],"[(121, 1)]"
BCSPWR07,119,[],"[(640, 1), (641, 1)]"
BCSPWR07,121,[],"[(114, 1)]"
BCSPWR07,123,[],"[(36, 1)]"
BCSPWR07,132,"[133, 134]",[]
BCSPWR07,133,"[132, 134]",[]
BCSPWR07,134,"[132, 133]",[]
BCSPWR07,135,[],"[(139, 1)]"
BCSPWR07,138,[],"[(139, 1)]"
BCSPWR07,139,[],"[(135, 1), (138, 1)]"
BCSPWR07,141,[],"[(31, 1)]"
BCSPWR07,145,[146],[]
BCSPWR07,146,[145],[]
BCSPWR07,149,[150],"[(21, 1), (153, 1)]"
BCSPWR07,150,[149],"[(21, 1), (153, 1)]"
BCSPWR07,153,[],"[(149, 1), (150, 1)]"
BCSPWR07,159,[],"[(18, 1), (49, 1), (85, 1)]"
BCSPWR07,162,"[163, 164]",[]
BCSPWR07,163,"[162, 164]",[]
BCSPWR07,164,"[162, 163]",[]
BCSPWR07,181,[182],[]
BCSPWR07,182,[181],[]
BCSPWR07,185,[],"[(10, 1), (11, 1)]"
BCSPWR07,191,[],"[(197, 1), (198, 1)]"
BCSPWR07,194,[195],"[(51, 1), (58, 1), (199, 1), (209, 1)]"
BCSPWR07,195,[194],"[(51, 1), (58, 1), (199, 1), (209, 1)]"
BCSPWR07,197,[198],"[(191, 1), (200, 1)]"
BCSPWR07,198,[197],"[(191, 1), (200, 1)]"
BCSPWR07,199,[],"[(194, 1), (195, 1)]"
BCSPWR07,200,[],"[(197, 1), (198, 1)]"
BCSPWR07,202,[],"[(203, 1)]"
BCSPWR07,203,[],"[(202, 1)]"
BCSPWR07,206,[],"[(37, 1)]"
BCSPWR07,209,[],"[(194, 1), (195, 1)]"
BCSPWR07,213,[214],[]
BCSPWR07,214,[213],[]
BCSPWR07,230,[],"[(231, 1)]"
BCSPWR07,231,[],"[(43, 1), (44, 1), (45, 1), (46, 1), (230, 1)]"
BCSPWR07,245,"[246, 249]","[(248, 1), (250, 1)]"
BCSPWR07,246,"[245, 249]","[(248, 1), (250, 1)]"
BCSPWR07,248,[],"[(245, 1), (246, 1), (249, 1)]"
BCSPWR07,249,"[245, 246]","[(248, 1), (250, 1)]"
BCSPWR07,250,[],"[(245, 1), (246, 1), (249, 1)]"
BCSPWR07,252,[],"[(262, 1)]"
BCSPWR07,254,[],"[(260, 1)]"
BCSPWR07,255,[],"[(335, 1)]"
BCSPWR07,260,[],"[(254, 1)]"
BCSPWR07,262,[],"[(252, 1)]"
BCSPWR07,267,[],"[(1587, 1), (307, 1)]"
BCSPWR07,269,[],"[(323, 1)]"
BCSPWR07,270,[279],[]
BCSPWR07,275,[276],[]
BCSPWR07,276,[275],[]
BCSPWR07,279,[270],[]
BCSPWR07,280,[],"[(300, 1)]"
BCSPWR07,282,[],"[(300, 1)]"
BCSPWR07,293,[],"[(316, 1), (319, 1)]"
BCSPWR07,295,[],"[(297, 1)]"
BCSPWR07,297,[],"[(295, 1)]"
BCSPWR07,300,[],"[(280, 1), (282, 1)]"
BCSPWR07,307,[],"[(267, 1)]"
BCSPWR07,316,[],"[(293, 1)]"
BCSPWR07,319,[],"[(293, 1)]"
BCSPWR07,323,[],"[(269, 1)]"
BCSPWR07,332,[],"[(1598, 1)]"
BCSPWR07,335,[],"[(255, 1)]"
BCSPWR07,339,[340],"[(1416, 1), (378, 1)]"
BCSPWR07,340,[339],"[(1416, 1), (378, 1)]"
BCSPWR07,343,"[368, 374, 390]","[(389, 1)]"
BCSPWR07,344,[],"[(360, 1)]"
BCSPWR07,352,[353],[]
BCSPWR07,353,[352],[]
BCSPWR07,359,[],"[(384, 1)]"
BCSPWR07,360,[],"[(344, 1), (381, 1)]"
BCSPWR07,362,[],"[(742, 1)]"
BCSPWR07,365,[],"[(366, 1)]"
BCSPWR07,366,[],"[(365, 1), (389, 1), (377, 1)]"
BCSPWR07,368,"[343, 374, 390]","[(389, 1)]"
BCSPWR07,372,[],"[(876, 1)]"
BCSPWR07,374,"[343, 368, 390]","[(389, 1)]"
BCSPWR07,377,[],"[(366, 1)]"
BCSPWR07,378,[],"[(339, 1), (340, 1)]"
BCSPWR07,381,[],"[(360, 1)]"
BCSPWR07,384,[],"[(359, 1)]"
BCSPWR07,389,[],"[(343, 1), (366, 1), (368, 1), (374, 1), (390, 1)]"
BCSPWR07,390,"[343, 368, 374]","[(389, 1)]"
BCSPWR07,399,[],"[(443, 1)]"
BCSPWR07,407,[],"[(412, 1)]"
BCSPWR07,408,[],"[(414, 1)]"
BCSPWR07,412,[],"[(407, 1)]"
BCSPWR07,414,[],"[(408, 1)]"
BCSPWR07,420,[],"[(441, 1)]"
BCSPWR07,421,[],"[(432, 1)]"
BCSPWR07,424,[],"[(425, 1)]"
BCSPWR07,425,[],"[(424, 1)]"
BCSPWR07,432,[],"[(421, 1)]"
BCSPWR07,436,[437],[]
BCSPWR07,437,[436],[]
BCSPWR07,439,[],"[(444, 1)]"
BCSPWR07,441,[],"[(420, 1)]"
BCSPWR07,443,[],"[(399, 1)]"
BCSPWR07,444,[],"[(439, 1)]"
BCSPWR07,453,[454],[]
BCSPWR07,454,[453],[]
BCSPWR07,464,"[477, 498, 500, 502]","[(487, 1), (488, 1)]"
BCSPWR07,468,[482],[]
BCSPWR07,477,"[464, 498, 500, 502]","[(487, 1), (488, 1)]"
BCSPWR07,478,[479],[]
BCSPWR07,479,[478],[]
BCSPWR07,481,[],"[(1563, 1)]"
BCSPWR07,482,[468],[]
BCSPWR07,487,[],"[(464, 1), (477, 1), (498, 1), (500, 1), (502, 1)]"
BCSPWR07,488,[],"[(464, 1), (477, 1), (498, 1), (500, 1), (502, 1)]"
BCSPWR07,495,[],"[(496, 1)]"
BCSPWR07,496,[],"[(495, 1), (777, 1)]"
BCSPWR07,498,"[464, 477, 500, 502]","[(487, 1), (488, 1)]"
BCSPWR07,500,"[464, 477, 498, 502]","[(487, 1), (488, 1)]"
BCSPWR07,502,"[464, 477, 498, 500]","[(487, 1), (488, 1)]"
BCSPWR07,504,[],"[(684, 1)]"
BCSPWR07,506,[],"[(549, 1)]"
BCSPWR07,510,[],"[(529, 1), (561, 1)]"
BCSPWR07,513,[],"[(561, 1)]"
BCSPWR07,517,[520],"[(544, 1), (545, 1), (543, 1)]"
BCSPWR07,518,[519],"[(553, 1), (522, 1)]"
BCSPWR07,519,[518],"[(553, 1), (522, 1)]"
BCSPWR07,520,[517],"[(544, 1), (545, 1), (543, 1)]"
BCSPWR07,522,[],"[(518, 1), (519, 1)]"
BCSPWR07,524,[],"[(543, 1)]"
BCSPWR07,529,[],"[(510, 1)]"
BCSPWR07,533,[560],[]
BCSPWR07,543,[],"[(517, 1), (520, 1), (524, 1)]"
BCSPWR07,544,[],"[(517, 1), (520, 1)]"
BCSPWR07,545,[],"[(517, 1), (520, 1)]"
BCSPWR07,547,[],"[(561, 1)]"
BCSPWR07,549,[],"[(506, 1)]"
BCSPWR07,550,"[551, 552]",[]
BCSPWR07,551,"[550, 552]",[]
BCSPWR07,552,"[550, 551]",[]
BCSPWR07,553,[],"[(518, 1), (519, 1)]"
BCSPWR07,560,[533],[]
BCSPWR07,561,[],"[(510, 1), (513, 1), (547, 1)]"
BCSPWR07,571,[],"[(650, 1)]"
BCSPWR07,572,[],"[(648, 1)]"
BCSPWR07,581,[],"[(594, 1)]"
BCSPWR07,582,[],"[(604, 1)]"
BCSPWR07,587,[],"[(632, 1), (633, 1)]"
BCSPWR07,589,[],"[(642, 1)]"
BCSPWR07,592,[],"[(609, 1), (610, 1), (611, 1), (612, 1), (613, 1), (614, 1)]"
BCSPWR07,594,[],"[(581, 1)]"
BCSPWR07,596,[],"[(604, 1)]"
BCSPWR07,604,[],"[(582, 1), (596, 1)]"
BCSPWR07,606,[],"[(634, 1)]"
BCSPWR07,609,"[610, 611, 612, 613, 614]","[(592, 1)]"
BCSPWR07,610,"[609, 611, 612, 613, 614]","[(592, 1)]"
BCSPWR07,611,"[609, 610, 612, 613, 614]","[(592, 1)]"
BCSPWR07,612,"[609, 610, 611, 613, 614]","[(592, 1)]"
BCSPWR07,613,"[609, 610, 611, 612, 614]","[(592, 1)]"
BCSPWR07,614,"[609, 610, 611, 612, 613]","[(592, 1)]"
BCSPWR07,617,[],"[(640, 1), (641, 1)]"
BCSPWR07,620,"[621, 622]",[]
BCSPWR07,621,"[620, 622]",[]
BCSPWR07,622,"[620, 621]",[]
BCSPWR07,632,[633],"[(587, 1), (643, 1)]"
BCSPWR07,633,[632],"[(587, 1), (643, 1)]"
BCSPWR07,634,[],"[(606, 1)]"
BCSPWR07,640,[641],"[(119, 1), (617, 1)]"
BCSPWR07,641,[640],"[(119, 1), (617, 1)]"
BCSPWR07,642,[],"[(589, 1)]"
BCSPWR07,643,[],"[(632, 1), (633, 1)]"
BCSPWR07,648,[],"[(572, 1)]"
BCSPWR07,650,[],"[(571, 1)]"
BCSPWR07,660,[],"[(743, 1)]"
BCSPWR07,661,[],"[(800, 1)]"
BCSPWR07,671,[],"[(689, 1), (722, 1), (723, 1), (724, 1)]"
BCSPWR07,673,[],"[(775, 1), (776, 1), (689, 1), (722, 1), (723, 1), (724, 1)]"
BCSPWR07,674,[],"[(819, 1)]"
BCSPWR07,676,[],"[(888, 1)]"
BCSPWR07,679,[],"[(878, 1), (718, 1)]"
BCSPWR07,684,[],"[(504, 1)]"
BCSPWR07,688,[],"[(867, 1), (877, 1)]"
BCSPWR07,689,"[722, 723, 724]","[(671, 1), (673, 1), (808, 1), (694, 1), (759, 1)]"
BCSPWR07,690,[],"[(837, 1)]"
BCSPWR07,694,[],"[(689, 1), (722, 1), (723, 1), (724, 1)]"
BCSPWR07,697,[698],[]
BCSPWR07,698,[697],[]
BCSPWR07,700,[],"[(803, 1)]"
BCSPWR07,710,[],"[(711, 1), (713, 1)]"
BCSPWR07,711,[],"[(710, 1), (851, 1), (920, 1)]"
BCSPWR07,713,[],"[(710, 1), (835, 1)]"
BCSPWR07,715,[716],[]
BCSPWR07,716,[715],[]
BCSPWR07,718,[878],"[(679, 1)]"
BCSPWR07,722,"[689, 723, 724]","[(671, 1), (673, 1), (694, 1), (808, 1), (759, 1)]"
BCSPWR07,723,"[689, 722, 724]","[(671, 1), (673, 1), (694, 1), (808, 1), (759, 1)]"
BCSPWR07,724,"[689, 722, 723]","[(671, 1), (673, 1), (694, 1), (808, 1), (759, 1)]"
BCSPWR07,728,[741],[]
BCSPWR07,731,[],"[(871, 1)]"
BCSPWR07,741,[728],[]
BCSPWR07,742,[],"[(362, 1)]"
BCSPWR07,743,[],"[(660, 1)]"
BCSPWR07,746,[],"[(819, 1)]"
BCSPWR07,759,[],"[(689, 1), (722, 1), (723, 1), (724, 1)]"
BCSPWR07,762,[],"[(819, 1)]"
BCSPWR07,772,[879],[]
BCSPWR07,775,[776],"[(673, 1)]"
BCSPWR07,776,[775],"[(673, 1)]"
BCSPWR07,777,[],"[(496, 1)]"
BCSPWR07,800,[],"[(661, 1)]"
BCSPWR07,803,[],"[(700, 1)]"
BCSPWR07,807,[],"[(902, 1)]"
BCSPWR07,808,[],"[(689, 1), (722, 1), (723, 1), (724, 1)]"
BCSPWR07,812,[],"[(867, 1), (877, 1)]"
BCSPWR07,819,[],"[(674, 1), (746, 1), (762, 1), (876, 1), (914, 1)]"
BCSPWR07,831,[],"[(885, 1)]"
BCSPWR07,835,[],"[(713, 1)]"
BCSPWR07,837,[],"[(690, 1)]"
BCSPWR07,844,[875],"[(874, 1)]"
BCSPWR07,848,[],"[(909, 1)]"
BCSPWR07,851,[],"[(711, 1)]"
BCSPWR07,867,[877],"[(688, 1), (812, 1)]"
BCSPWR07,871,[],"[(731, 1)]"
BCSPWR07,874,[],"[(844, 1), (875, 1)]"
BCSPWR07,875,[844],"[(874, 1)]"
BCSPWR07,876,[],"[(372, 1), (819, 1)]"
BCSPWR07,877,[867],"[(688, 1), (812, 1)]"
BCSPWR07,878,[718],"[(679, 1)]"
BCSPWR07,879,[772],[]
BCSPWR07,880,[],"[(891, 1)]"
BCSPWR07,885,[],"[(831, 1)]"
BCSPWR07,888,[],"[(676, 1), (905, 1), (893, 1)]"
BCSPWR07,891,[],"[(880, 1)]"
BCSPWR07,893,[],"[(888, 1)]"
BCSPWR07,902,[],"[(807, 1)]"
BCSPWR07,905,[],"[(888, 1)]"
BCSPWR07,909,[],"[(848, 1)]"
BCSPWR07,914,[],"[(819, 1)]"
BCSPWR07,915,[916],[]
BCSPWR07,916,[915],[]
BCSPWR07,917,[],"[(919, 1)]"
BCSPWR07,919,[],"[(917, 1)]"
BCSPWR07,920,[],"[(711, 1)]"
BCSPWR07,926,"[965, 1014]",[]
BCSPWR07,927,[1095],[]
BCSPWR07,928,[980],"[(994, 1)]"
BCSPWR07,934,[1038],[]
BCSPWR07,941,[942],[]
BCSPWR07,942,[941],[]
BCSPWR07,946,[],"[(957, 1)]"
BCSPWR07,947,[],"[(1046, 1)]"
BCSPWR07,949,[],"[(1027, 1)]"
BCSPWR07,952,"[977, 1096]",[]
BCSPWR07,954,[1061],"[(1062, 1)]"
BCSPWR07,957,[],"[(946, 1), (1001, 1)]"
BCSPWR07,960,[961],[]
BCSPWR07,961,[960],[]
BCSPWR07,964,[],"[(1065, 1)]"
BCSPWR07,965,"[926, 1014]",[]
BCSPWR07,970,[],"[(1050, 1), (1049, 1), (1051, 1), (1052, 1)]"
BCSPWR07,977,"[952, 1096]",[]
BCSPWR07,980,[928],"[(994, 1)]"
BCSPWR07,983,[],"[(997, 1)]"
BCSPWR07,991,[1040],[]
BCSPWR07,992,"[995, 1084]",[]
BCSPWR07,994,[],"[(928, 1), (980, 1)]"
BCSPWR07,995,"[992, 1084]",[]
BCSPWR07,997,[],"[(983, 1), (1053, 1)]"
BCSPWR07,998,[1085],[]
BCSPWR07,1001,[],"[(957, 1)]"
BCSPWR07,1007,"[1019, 1020]",[]
BCSPWR07,1011,[],"[(1054, 1)]"
BCSPWR07,1014,"[926, 965]",[]
BCSPWR07,1019,"[1007, 1020]",[]
BCSPWR07,1020,"[1007, 1019]",[]
BCSPWR07,1023,[1029],[]
BCSPWR07,1027,[],"[(949, 1)]"
BCSPWR07,1029,[1023],[]
BCSPWR07,1031,[1069],[]
BCSPWR07,1034,[],"[(1047, 1)]"
BCSPWR07,1038,[934],[]
BCSPWR07,1039,[],"[(1042, 1), (1043, 1)]"
BCSPWR07,1040,[991],[]
BCSPWR07,1042,[1043],"[(1039, 1)]"
BCSPWR07,1043,[1042],"[(1039, 1)]"
BCSPWR07,1044,[],"[(1050, 1), (1049, 1), (1051, 1), (1052, 1)]"
BCSPWR07,1046,[],"[(947, 1)]"
BCSPWR07,1047,[],"[(1034, 1), (1092, 1)]"
BCSPWR07,1049,"[1050, 1051, 1052]","[(970, 1), (1044, 1), (1068, 1)]"
BCSPWR07,1050,"[1049, 1051, 1052]","[(970, 1), (1044, 1), (1068, 1)]"
BCSPWR07,1051,"[1049, 1050, 1052]","[(970, 1), (1044, 1), (1068, 1)]"
BCSPWR07,1052,"[1049, 1050, 1051]","[(970, 1), (1044, 1), (1068, 1)]"
BCSPWR07,1053,[],"[(997, 1)]"
BCSPWR07,1054,[],"[(1011, 1)]"
BCSPWR07,1060,[],"[(1073, 1)]"
BCSPWR07,1061,[954],"[(1062, 1)]"
BCSPWR07,1062,[],"[(954, 1), (1061, 1)]"
BCSPWR07,1065,[],"[(964, 1), (1086, 1)]"
BCSPWR07,1068,[],"[(1049, 1), (1050, 1), (1051, 1), (1052, 1)]"
BCSPWR07,1069,[1031],[]
BCSPWR07,1073,[],"[(1060, 1)]"
BCSPWR07,1084,"[992, 995]",[]
BCSPWR07,1085,[998],[]
BCSPWR07,1086,[],"[(1065, 1)]"
BCSPWR07,1092,[],"[(1047, 1)]"
BCSPWR07,1095,[927],[]
BCSPWR07,1096,"[952, 977]",[]
BCSPWR07,1098,[],"[(1421, 1), (1422, 1), (1423, 1)]"
BCSPWR07,1100,[],"[(1104, 1)]"
BCSPWR07,1104,[],"[(1100, 1), (1474, 1)]"
BCSPWR07,1105,[1106],"[(1115, 1)]"
BCSPWR07,1106,[1105],"[(1115, 1)]"
BCSPWR07,1107,[],"[(1529, 1)]"
BCSPWR07,1112,[],"[(1573, 1)]"
BCSPWR07,1115,[],"[(1105, 1), (1106, 1)]"
BCSPWR07,1123,[],"[(1126, 1)]"
BCSPWR07,1126,[],"[(1123, 1)]"
BCSPWR07,1137,[],"[(1138, 1)]"
BCSPWR07,1138,[],"[(1137, 1), (1158, 1)]"
BCSPWR07,1144,"[1147, 1148]",[]
BCSPWR07,1147,"[1144, 1148]",[]
BCSPWR07,1148,"[1144, 1147]",[]
BCSPWR07,1151,[],"[(1169, 1)]"
BCSPWR07,1152,[],"[(1169, 1)]"
BCSPWR07,1153,[],"[(1155, 1)]"
BCSPWR07,1155,[],"[(1153, 1)]"
BCSPWR07,1158,[],"[(1138, 1)]"
BCSPWR07,1169,[],"[(1151, 1), (1152, 1)]"
BCSPWR07,1180,[],"[(1184, 1), (1490, 1)]"
BCSPWR07,1184,[],"[(1180, 1)]"
BCSPWR07,1189,[],"[(1195, 1), (1196, 1)]"
BCSPWR07,1192,[1220],[]
BCSPWR07,1195,[1196],"[(1189, 1), (1200, 1), (1214, 1)]"
BCSPWR07,1196,[1195],"[(1189, 1), (1200, 1), (1214, 1)]"
BCSPWR07,1197,[],"[(1213, 1)]"
BCSPWR07,1199,[],"[(1213, 1)]"
BCSPWR07,1200,[],"[(1195, 1), (1196, 1)]"
BCSPWR07,1207,[1208],"[(1226, 1), (1227, 1), (1228, 1)]"
BCSPWR07,1208,[1207],"[(1226, 1), (1227, 1), (1228, 1)]"
BCSPWR07,1209,[],"[(1226, 1), (1227, 1), (1228, 1)]"
BCSPWR07,1213,[],"[(1197, 1), (1199, 1)]"
BCSPWR07,1214,[],"[(1195, 1), (1196, 1)]"
BCSPWR07,1219,[],"[(1230, 1)]"
BCSPWR07,1220,[1192],[]
BCSPWR07,1223,[],"[(1226, 1), (1227, 1), (1228, 1)]"
BCSPWR07,1226,"[1227, 1228]","[(1207, 1), (1208, 1), (1209, 1), (1223, 1)]"
BCSPWR07,1227,"[1226, 1228]","[(1207, 1), (1208, 1), (1209, 1), (1223, 1)]"
BCSPWR07,1228,"[1226, 1227]","[(1207, 1), (1208, 1), (1209, 1), (1223, 1)]"
BCSPWR07,1230,[],"[(1219, 1)]"
BCSPWR07,1231,[],"[(1241, 1)]"
BCSPWR07,1232,[],"[(1289, 1)]"
BCSPWR07,1234,[],"[(1248, 1), (1239, 1), (1240, 1)]"
BCSPWR07,1239,[1240],"[(1234, 1)]"
BCSPWR07,1240,[1239],"[(1234, 1)]"
BCSPWR07,1241,[],"[(1231, 1)]"
BCSPWR07,1245,[1246],[]
BCSPWR07,1246,[1245],[]
BCSPWR07,1248,[],"[(1234, 1)]"
BCSPWR07,1249,[1270],[]
BCSPWR07,1251,[],"[(1274, 1), (1265, 1), (1272, 1), (1273, 1)]"
BCSPWR07,1256,[],"[(1283, 1), (1272, 1), (1273, 1), (1274, 1)]"
BCSPWR07,1261,[1262],[]
BCSPWR07,1262,[1261],[]
BCSPWR07,1264,[],"[(1280, 1)]"
BCSPWR07,1265,[],"[(1251, 1)]"
BCSPWR07,1270,[1249],[]
BCSPWR07,1272,"[1273, 1274]","[(1251, 1), (1256, 1)]"
BCSPWR07,1273,"[1272, 1274]","[(1251, 1), (1256, 1)]"
BCSPWR07,1274,"[1272, 1273]","[(1251, 1), (1256, 1)]"
BCSPWR07,1280,[],"[(1264, 1)]"
BCSPWR07,1281,[1282],[]
BCSPWR07,1282,[1281],[]
BCSPWR07,1283,[],"[(1256, 1)]"
BCSPWR07,1289,[],"[(1232, 1)]"
BCSPWR07,1291,[1292],[]
BCSPWR07,1292,[1291],[]
BCSPWR07,1299,[],"[(1369, 1), (1362, 1)]"
BCSPWR07,1305,[1306],"[(1336, 1)]"
BCSPWR07,1306,[1305],"[(1336, 1)]"
BCSPWR07,1317,[1318],[]
BCSPWR07,1318,[1317],[]
BCSPWR07,1320,[],"[(1359, 1)]"
BCSPWR07,1330,[1331],[]
BCSPWR07,1331,[1330],[]
BCSPWR07,1336,[],"[(1305, 1), (1306, 1)]"
BCSPWR07,1353,[1354],[]
BCSPWR07,1354,[1353],[]
BCSPWR07,1359,[],"[(1320, 1)]"
BCSPWR07,1362,[],"[(1299, 1)]"
BCSPWR07,1364,[1365],[]
BCSPWR07,1365,[1364],[]
BCSPWR07,1369,[],"[(1299, 1)]"
BCSPWR07,1387,[1410],[]
BCSPWR07,1390,[1391],"[(1450, 1)]"
BCSPWR07,1391,[1390],"[(1450, 1)]"
BCSPWR07,1398,[1399],"[(1446, 1)]"
BCSPWR07,1399,[1398],"[(1446, 1)]"
BCSPWR07,1402,[],"[(1415, 1)]"
BCSPWR07,1407,[],"[(1418, 1)]"
BCSPWR07,1409,[],"[(1442, 1)]"
BCSPWR07,1410,[1387],[]
BCSPWR07,1411,[1412],"[(1431, 1)]"
BCSPWR07,1412,[1411],"[(1431, 1)]"
BCSPWR07,1415,[],"[(1402, 1)]"
BCSPWR07,1416,[],"[(339, 1), (340, 1)]"
BCSPWR07,1418,[],"[(1407, 1), (1426, 1)]"
BCSPWR07,1421,"[1422, 1423]","[(1098, 1)]"
BCSPWR07,1422,"[1421, 1423]","[(1098, 1)]"
BCSPWR07,1423,"[1421, 1422]","[(1098, 1)]"
BCSPWR07,1426,[],"[(1418, 1)]"
BCSPWR07,1427,[],"[(1440, 1)]"
BCSPWR07,1431,[],"[(67, 1), (1411, 1), (1412, 1)]"
BCSPWR07,1433,[1439],[]
BCSPWR07,1439,[1433],[]
BCSPWR07,1440,[],"[(1427, 1)]"
BCSPWR07,1442,[],"[(1409, 1)]"
BCSPWR07,1446,[],"[(1398, 1), (1399, 1)]"
BCSPWR07,1450,[],"[(1390, 1), (1391, 1)]"
BCSPWR07,1452,[],"[(1513, 1), (1485, 1)]"
BCSPWR07,1460,[],"[(1502, 1)]"
BCSPWR07,1462,[1463],"[(1504, 1)]"
BCSPWR07,1463,[1462],"[(1504, 1)]"
BCSPWR07,1474,[],"[(1104, 1)]"
BCSPWR07,1479,[],"[(1480, 1)]"
BCSPWR07,1480,[],"[(1479, 1)]"
BCSPWR07,1483,[],"[(1502, 1)]"
BCSPWR07,1485,[],"[(1452, 1)]"
BCSPWR07,1490,[],"[(1180, 1)]"
BCSPWR07,1496,[],"[(1510, 1)]"
BCSPWR07,1502,[],"[(1460, 1), (1483, 1), (1508, 1)]"
BCSPWR07,1503,[],"[(1511, 1)]"
BCSPWR07,1504,[],"[(1462, 1), (1463, 1), (1513, 1)]"
BCSPWR07,1508,[],"[(1502, 1)]"
BCSPWR07,1510,[],"[(1496, 1)]"
BCSPWR07,1511,[],"[(1503, 1)]"
BCSPWR07,1513,[],"[(1452, 1), (1504, 1), (1514, 1), (1515, 1)]"
BCSPWR07,1514,[],"[(1513, 1)]"
BCSPWR07,1515,[],"[(1513, 1)]"
BCSPWR07,1522,[],"[(1523, 1)]"
BCSPWR07,1523,[],"[(1522, 1)]"
BCSPWR07,1525,[],"[(1545, 1), (1551, 1)]"
BCSPWR07,1528,[],"[(1534, 1)]"
BCSPWR07,1529,[],"[(1107, 1)]"
BCSPWR07,1534,[],"[(1528, 1)]"
BCSPWR07,1537,[],"[(1543, 1)]"
BCSPWR07,1539,[1541],"[(1558, 1)]"
BCSPWR07,1541,[1539],"[(1558, 1)]"
BCSPWR07,1543,[],"[(1537, 1)]"
BCSPWR07,1545,[],"[(1525, 1)]"
BCSPWR07,1551,[],"[(1525, 1)]"
BCSPWR07,1558,[],"[(1539, 1), (1541, 1)]"
BCSPWR07,1559,[],"[(1561, 1)]"
BCSPWR07,1561,[],"[(1559, 1)]"
BCSPWR07,1563,[],"[(481, 1), (1572, 1)]"
BCSPWR07,1566,[],"[(1570, 1)]"
BCSPWR07,1570,[],"[(1566, 1)]"
BCSPWR07,1572,[],"[(1563, 1)]"
BCSPWR07,1573,[],"[(1112, 1)]"
BCSPWR07,1579,[],"[(1581, 1)]"
BCSPWR07,1580,[],"[(1581, 1), (1596, 1)]"
BCSPWR07,1581,[],"[(1579, 1), (1580, 1)]"
BCSPWR07,1585,[],"[(1589, 1), (1599, 1)]"
BCSPWR07,1587,[],"[(267, 1)]"
BCSPWR07,1589,[],"[(1585, 1), (1590, 1)]"
BCSPWR07,1590,[],"[(1589, 1)]"
BCSPWR07,1594,[],"[(1611, 1)]"
BCSPWR07,1596,[],"[(1580, 1)]"
BCSPWR07,1598,[],"[(332, 1), (1601, 1)]"
BCSPWR07,1599,[],"[(1585, 1), (1603, 1)]"
BCSPWR07,1601,[],"[(1598, 1)]"
BCSPWR07,1603,[],"[(1599, 1)]"
BCSPWR07,1611,[],"[(1594, 1)]"
BCSPWR08,2,"[12, 13]","[(206, 1), (113, 1)]"
BCSPWR08,3,[6],[]
BCSPWR08,6,[3],[]
BCSPWR08,10,[11],"[(36, 1)]"
BCSPWR08,11,[10],"[(36, 1)]"
BCSPWR08,12,"[2, 13]","[(206, 1), (113, 1)]"
BCSPWR08,13,"[2, 12]","[(206, 1), (113, 1)]"
BCSPWR08,15,[59],[]
BCSPWR08,20,[],"[(180, 1), (181, 1), (182, 1), (183, 1)]"
BCSPWR08,22,[217],"[(66, 1), (67, 1), (229, 1), (220, 1), (62, 1)]"
BCSPWR08,27,[],"[(121, 1)]"
BCSPWR08,31,"[32, 33]",[]
BCSPWR08,32,"[31, 33]",[]
BCSPWR08,33,"[31, 32]",[]
BCSPWR08,36,[],"[(10, 1), (11, 1)]"
BCSPWR08,39,[],"[(40, 1), (61, 1)]"
BCSPWR08,40,[],"[(39, 1)]"
BCSPWR08,41,[42],"[(226, 1)]"
BCSPWR08,42,[41],"[(226, 1)]"
BCSPWR08,47,"[48, 49, 50, 51]","[(96, 1)]"
BCSPWR08,48,"[47, 49, 50, 51]","[(96, 1)]"
BCSPWR08,49,"[47, 48, 50, 51]","[(96, 1)]"
BCSPWR08,50,"[47, 48, 49, 51]","[(96, 1)]"
BCSPWR08,51,"[47, 48, 49, 50]","[(96, 1)]"
BCSPWR08,54,"[55, 56]","[(258, 1), (157, 1)]"
BCSPWR08,55,"[54, 56]","[(258, 1), (157, 1)]"
BCSPWR08,56,"[54, 55]","[(258, 1), (157, 1)]"
BCSPWR08,59,[15],[]
BCSPWR08,60,[],"[(180, 1), (181, 1), (182, 1), (183, 1)]"
BCSPWR08,61,[],"[(39, 1)]"
BCSPWR08,62,[],"[(22, 1), (217, 1)]"
BCSPWR08,66,[],"[(22, 1), (217, 1)]"
BCSPWR08,67,[],"[(22, 1), (217, 1)]"
BCSPWR08,69,[70],[]
BCSPWR08,70,[69],[]
BCSPWR08,73,[76],[]
BCSPWR08,74,[],"[(1572, 1)]"
BCSPWR08,76,[73],[]
BCSPWR08,89,[90],[]
BCSPWR08,90,[89],[]
BCSPWR08,95,[],"[(180, 1), (181, 1), (182, 1), (183, 1)]"
BCSPWR08,96,[],"[(47, 1), (48, 1), (49, 1), (50, 1), (51, 1)]"
BCSPWR08,101,[102],[]
BCSPWR08,102,[101],[]
BCSPWR08,107,[108],[]
BCSPWR08,108,[107],[]
BCSPWR08,109,[110],[]
BCSPWR08,110,[109],[]
BCSPWR08,113,[],"[(2, 1), (12, 1), (13, 1)]"
BCSPWR08,116,[],"[(162, 1)]"
BCSPWR08,121,[],"[(27, 1)]"
BCSPWR08,127,[],"[(144, 1)]"
BCSPWR08,130,[131],"[(652, 1), (653, 1), (654, 1), (655, 1)]"
BCSPWR08,131,[130],"[(652, 1), (653, 1), (654, 1), (655, 1)]"
BCSPWR08,137,[139],[]
BCSPWR08,139,[137],[]
BCSPWR08,143,[],"[(213, 1)]"
BCSPWR08,144,[],"[(127, 1)]"
BCSPWR08,150,"[151, 152]",[]
BCSPWR08,151,"[150, 152]",[]
BCSPWR08,152,"[150, 151]",[]
BCSPWR08,156,[],"[(157, 1)]"
BCSPWR08,157,[],"[(54, 1), (55, 1), (56, 1), (156, 1)]"
BCSPWR08,162,[],"[(116, 1)]"
BCSPWR08,165,[166],[]
BCSPWR08,166,[165],[]
BCSPWR08,180,"[181, 182, 183]","[(20, 1), (60, 1), (95, 1)]"
BCSPWR08,181,"[180, 182, 183]","[(20, 1), (60, 1), (95, 1)]"
BCSPWR08,182,"[180, 181, 183]","[(20, 1), (60, 1), (95, 1)]"
BCSPWR08,183,"[180, 181, 182]","[(20, 1), (60, 1), (95, 1)]"
BCSPWR08,197,[],"[(244, 1)]"
BCSPWR08,201,[202],[]
BCSPWR08,202,[201],[]
BCSPWR08,206,[],"[(2, 1), (12, 1), (13, 1)]"
BCSPWR08,213,[],"[(143, 1)]"
BCSPWR08,214,[],"[(219, 1)]"
BCSPWR08,217,[22],"[(62, 1), (66, 1), (67, 1), (229, 1), (220, 1)]"
BCSPWR08,219,[],"[(214, 1), (221, 1)]"
BCSPWR08,220,[],"[(22, 1), (217, 1)]"
BCSPWR08,221,[],"[(219, 1)]"
BCSPWR08,223,[224],[]
BCSPWR08,224,[223],[]
BCSPWR08,226,[],"[(41, 1), (42, 1)]"
BCSPWR08,229,[],"[(22, 1), (217, 1)]"
BCSPWR08,235,[236],[]
BCSPWR08,236,[235],[]
BCSPWR08,244,[],"[(197, 1)]"
BCSPWR08,257,[],"[(258, 1)]"
BCSPWR08,258,[],"[(54, 1), (55, 1), (56, 1), (257, 1)]"
BCSPWR08,265,[266],[]
BCSPWR08,266,[265],[]
BCSPWR08,284,[],"[(290, 1)]"
BCSPWR08,285,[],"[(375, 1)]"
BCSPWR08,286,[],"[(292, 1)]"
BCSPWR08,290,[],"[(284, 1)]"
BCSPWR08,292,[],"[(286, 1)]"
BCSPWR08,301,[],"[(367, 1), (368, 1)]"
BCSPWR08,307,[308],[]
BCSPWR08,308,[307],[]
BCSPWR08,309,[],"[(311, 1)]"
BCSPWR08,311,[],"[(309, 1)]"
BCSPWR08,323,[],"[(324, 1)]"
BCSPWR08,324,[],"[(323, 1), (1614, 1)]"
BCSPWR08,327,[],"[(357, 1), (349, 1)]"
BCSPWR08,329,[],"[(331, 1)]"
BCSPWR08,331,[],"[(329, 1)]"
BCSPWR08,347,[],"[(367, 1), (368, 1)]"
BCSPWR08,349,[],"[(327, 1)]"
BCSPWR08,357,[],"[(327, 1)]"
BCSPWR08,367,[368],"[(301, 1), (347, 1)]"
BCSPWR08,368,[367],"[(301, 1), (347, 1)]"
BCSPWR08,372,[],"[(1610, 1)]"
BCSPWR08,375,[],"[(285, 1)]"
BCSPWR08,379,[380],"[(419, 1), (1557, 1)]"
BCSPWR08,380,[379],"[(419, 1), (1557, 1)]"
BCSPWR08,384,[413],[]
BCSPWR08,385,[],"[(401, 1)]"
BCSPWR08,391,[],"[(393, 1), (394, 1)]"
BCSPWR08,393,[394],"[(391, 1)]"
BCSPWR08,394,[393],"[(391, 1)]"
BCSPWR08,401,[],"[(385, 1)]"
BCSPWR08,404,[],"[(761, 1)]"
BCSPWR08,408,[],"[(418, 1)]"
BCSPWR08,413,[384],[]
BCSPWR08,414,[415],[]
BCSPWR08,415,[414],[]
BCSPWR08,418,[],"[(408, 1)]"
BCSPWR08,419,[],"[(379, 1), (380, 1)]"
BCSPWR08,441,[],"[(471, 1)]"
BCSPWR08,464,[],"[(484, 1)]"
BCSPWR08,465,[],"[(476, 1)]"
BCSPWR08,471,[],"[(441, 1)]"
BCSPWR08,473,[479],[]
BCSPWR08,476,[],"[(465, 1)]"
BCSPWR08,479,[473],[]
BCSPWR08,482,[],"[(486, 1)]"
BCSPWR08,484,[],"[(464, 1)]"
BCSPWR08,486,[],"[(482, 1)]"
BCSPWR08,491,[492],[]
BCSPWR08,492,[491],[]
BCSPWR08,502,"[516, 540, 542, 544]","[(528, 1), (529, 1)]"
BCSPWR08,516,"[502, 540, 542, 544]","[(528, 1), (529, 1)]"
BCSPWR08,517,[518],[]
BCSPWR08,518,[517],[]
BCSPWR08,519,[520],[]
BCSPWR08,520,[519],[]
BCSPWR08,523,[],"[(1506, 1)]"
BCSPWR08,528,[],"[(502, 1), (516, 1), (544, 1), (540, 1), (542, 1)]"
BCSPWR08,529,[],"[(502, 1), (516, 1), (544, 1), (540, 1), (542, 1)]"
BCSPWR08,537,[],"[(538, 1)]"
BCSPWR08,538,[],"[(537, 1), (795, 1)]"
BCSPWR08,540,"[502, 516, 542, 544]","[(528, 1), (529, 1)]"
BCSPWR08,542,"[502, 516, 540, 544]","[(528, 1), (529, 1)]"
BCSPWR08,544,"[502, 516, 540, 542]","[(528, 1), (529, 1)]"
BCSPWR08,546,[],"[(699, 1)]"
BCSPWR08,554,[557],[]
BCSPWR08,555,[556],[]
BCSPWR08,556,[555],[]
BCSPWR08,557,[554],[]
BCSPWR08,571,[],"[(576, 1), (573, 1), (574, 1), (575, 1)]"
BCSPWR08,573,"[574, 575, 576]","[(571, 1)]"
BCSPWR08,574,"[573, 575, 576]","[(571, 1)]"
BCSPWR08,575,"[573, 574, 576]","[(571, 1)]"
BCSPWR08,576,"[573, 574, 575]","[(571, 1)]"
BCSPWR08,583,[584],[]
BCSPWR08,584,[583],[]
BCSPWR08,587,[588],[]
BCSPWR08,588,[587],[]
BCSPWR08,609,[],"[(656, 1)]"
BCSPWR08,615,[],"[(637, 1)]"
BCSPWR08,623,"[624, 625, 626, 627, 628]",[]
BCSPWR08,624,"[623, 625, 626, 627, 628]",[]
BCSPWR08,625,"[623, 624, 626, 627, 628]",[]
BCSPWR08,626,"[623, 624, 625, 627, 628]",[]
BCSPWR08,627,"[623, 624, 625, 626, 628]",[]
BCSPWR08,628,"[623, 624, 625, 626, 627]",[]
BCSPWR08,637,[],"[(615, 1)]"
BCSPWR08,638,[],"[(642, 1)]"
BCSPWR08,642,[],"[(638, 1)]"
BCSPWR08,643,"[644, 645]",[]
BCSPWR08,644,"[643, 645]",[]
BCSPWR08,645,"[643, 644]",[]
BCSPWR08,652,"[653, 654, 655]","[(130, 1), (131, 1)]"
BCSPWR08,653,"[652, 654, 655]","[(130, 1), (131, 1)]"
BCSPWR08,654,"[652, 653, 655]","[(130, 1), (131, 1)]"
BCSPWR08,655,"[652, 653, 654]","[(130, 1), (131, 1)]"
BCSPWR08,656,[],"[(609, 1)]"
BCSPWR08,672,[674],"[(911, 1)]"
BCSPWR08,674,[672],"[(911, 1)]"
BCSPWR08,686,[],"[(740, 1), (741, 1), (742, 1)]"
BCSPWR08,688,[],"[(793, 1), (794, 1), (740, 1), (741, 1), (742, 1)]"
BCSPWR08,689,[],"[(836, 1)]"
BCSPWR08,691,[],"[(909, 1)]"
BCSPWR08,696,[],"[(736, 1), (896, 1)]"
BCSPWR08,699,[],"[(546, 1)]"
BCSPWR08,703,[],"[(895, 1), (885, 1)]"
BCSPWR08,705,[],"[(740, 1), (741, 1), (742, 1)]"
BCSPWR08,706,[],"[(855, 1)]"
BCSPWR08,710,[],"[(740, 1), (741, 1), (742, 1)]"
BCSPWR08,723,[],"[(899, 1), (949, 1)]"
BCSPWR08,728,[],"[(870, 1), (917, 1)]"
BCSPWR08,731,[732],[]
BCSPWR08,732,[731],[]
BCSPWR08,733,[916],[]
BCSPWR08,734,[],"[(746, 1)]"
BCSPWR08,736,[896],"[(696, 1)]"
BCSPWR08,740,"[741, 742]","[(686, 1), (688, 1), (705, 1), (710, 1), (781, 1), (825, 1)]"
BCSPWR08,741,"[740, 742]","[(686, 1), (688, 1), (705, 1), (710, 1), (781, 1), (825, 1)]"
BCSPWR08,742,"[740, 741]","[(686, 1), (688, 1), (705, 1), (710, 1), (781, 1), (825, 1)]"
BCSPWR08,746,[],"[(734, 1)]"
BCSPWR08,749,[],"[(889, 1)]"
BCSPWR08,753,[],"[(942, 1)]"
BCSPWR08,760,[824],[]
BCSPWR08,761,[],"[(404, 1)]"
BCSPWR08,765,[],"[(836, 1)]"
BCSPWR08,776,[],"[(805, 1)]"
BCSPWR08,779,[],"[(928, 1)]"
BCSPWR08,781,[],"[(740, 1), (741, 1), (742, 1)]"
BCSPWR08,784,[],"[(836, 1)]"
BCSPWR08,793,[794],"[(688, 1)]"
BCSPWR08,794,[793],"[(688, 1)]"
BCSPWR08,795,[],"[(538, 1)]"
BCSPWR08,802,[],"[(869, 1)]"
BCSPWR08,805,[],"[(776, 1)]"
BCSPWR08,824,[760],[]
BCSPWR08,825,[],"[(740, 1), (741, 1), (742, 1)]"
BCSPWR08,829,[],"[(895, 1), (885, 1)]"
BCSPWR08,831,[],"[(906, 1)]"
BCSPWR08,836,[],"[(689, 1), (765, 1), (784, 1), (894, 1)]"
BCSPWR08,842,[],"[(906, 1)]"
BCSPWR08,850,[],"[(905, 1)]"
BCSPWR08,855,[],"[(706, 1), (918, 1)]"
BCSPWR08,863,[893],"[(892, 1)]"
BCSPWR08,867,[],"[(933, 1)]"
BCSPWR08,869,[],"[(802, 1)]"
BCSPWR08,870,[],"[(728, 1)]"
BCSPWR08,885,[895],"[(703, 1), (829, 1)]"
BCSPWR08,889,[],"[(749, 1)]"
BCSPWR08,892,[],"[(863, 1), (893, 1)]"
BCSPWR08,893,[863],"[(892, 1)]"
BCSPWR08,894,[],"[(836, 1)]"
BCSPWR08,895,[885],"[(703, 1), (829, 1)]"
BCSPWR08,896,[736],"[(696, 1)]"
BCSPWR08,899,[],"[(723, 1)]"
BCSPWR08,900,[],"[(901, 1)]"
BCSPWR08,901,[],"[(900, 1), (918, 1)]"
BCSPWR08,905,[],"[(850, 1)]"
BCSPWR08,906,[],"[(831, 1), (842, 1)]"
BCSPWR08,909,[],"[(691, 1)]"
BCSPWR08,911,[],"[(672, 1), (674, 1)]"
BCSPWR08,916,[733],[]
BCSPWR08,917,[],"[(728, 1), (944, 1)]"
BCSPWR08,918,[],"[(855, 1), (901, 1)]"
BCSPWR08,928,[],"[(779, 1)]"
BCSPWR08,933,[],"[(867, 1)]"
BCSPWR08,940,[941],[]
BCSPWR08,941,[940],[]
BCSPWR08,942,[],"[(753, 1)]"
BCSPWR08,944,[],"[(917, 1)]"
BCSPWR08,949,[],"[(723, 1)]"
BCSPWR08,951,"[990, 1042]",[]
BCSPWR08,953,[1005],"[(1021, 1)]"
BCSPWR08,966,[967],[]
BCSPWR08,967,[966],[]
BCSPWR08,969,[],"[(1101, 1)]"
BCSPWR08,971,[],"[(983, 1)]"
BCSPWR08,972,[],"[(1073, 1)]"
BCSPWR08,974,[],"[(1052, 1)]"
BCSPWR08,977,"[1002, 1122]",[]
BCSPWR08,979,[1088],"[(1089, 1)]"
BCSPWR08,983,[],"[(971, 1), (1029, 1)]"
BCSPWR08,985,[986],[]
BCSPWR08,986,[985],[]
BCSPWR08,989,[],"[(1092, 1)]"
BCSPWR08,990,"[951, 1042]",[]
BCSPWR08,995,[],"[(1076, 1), (1077, 1), (1078, 1), (1079, 1)]"
BCSPWR08,1002,"[977, 1122]",[]
BCSPWR08,1005,[953],"[(1021, 1)]"
BCSPWR08,1010,[],"[(1024, 1)]"
BCSPWR08,1018,[1067],[]
BCSPWR08,1019,"[1022, 1111]",[]
BCSPWR08,1021,[],"[(953, 1), (1005, 1)]"
BCSPWR08,1022,"[1019, 1111]",[]
BCSPWR08,1024,[],"[(1010, 1), (1080, 1)]"
BCSPWR08,1026,[],"[(1087, 1)]"
BCSPWR08,1029,[],"[(983, 1)]"
BCSPWR08,1035,"[1047, 1048]",[]
BCSPWR08,1039,[],"[(1081, 1)]"
BCSPWR08,1042,"[951, 990]",[]
BCSPWR08,1047,"[1035, 1048]",[]
BCSPWR08,1048,"[1035, 1047]",[]
BCSPWR08,1051,[],"[(1054, 1)]"
BCSPWR08,1052,[],"[(974, 1), (1054, 1)]"
BCSPWR08,1054,[],"[(1051, 1), (1052, 1)]"
BCSPWR08,1057,[1096],[]
BCSPWR08,1060,[1065],[]
BCSPWR08,1065,[1060],[]
BCSPWR08,1066,[],"[(1069, 1), (1070, 1)]"
BCSPWR08,1067,[1018],[]
BCSPWR08,1069,[1070],"[(1066, 1)]"
BCSPWR08,1070,[1069],"[(1066, 1)]"
BCSPWR08,1071,[],"[(1076, 1), (1077, 1), (1078, 1), (1079, 1)]"
BCSPWR08,1073,[],"[(972, 1)]"
BCSPWR08,1076,"[1077, 1078, 1079]","[(995, 1), (1071, 1), (1095, 1)]"
BCSPWR08,1077,"[1076, 1078, 1079]","[(995, 1), (1071, 1), (1095, 1)]"
BCSPWR08,1078,"[1076, 1077, 1079]","[(995, 1), (1071, 1), (1095, 1)]"
BCSPWR08,1079,"[1076, 1077, 1078]","[(995, 1), (1071, 1), (1095, 1)]"
BCSPWR08,1080,[],"[(1024, 1)]"
BCSPWR08,1081,[],"[(1039, 1)]"
BCSPWR08,1087,[],"[(1026, 1), (1100, 1)]"
BCSPWR08,1088,[979],"[(1089, 1)]"
BCSPWR08,1089,[],"[(979, 1), (1088, 1)]"
BCSPWR08,1092,[],"[(989, 1), (1113, 1)]"
BCSPWR08,1095,[],"[(1076, 1), (1077, 1), (1078, 1), (1079, 1)]"
BCSPWR08,1096,[1057],[]
BCSPWR08,1100,[],"[(1087, 1)]"
BCSPWR08,1101,[],"[(969, 1)]"
BCSPWR08,1111,"[1019, 1022]",[]
BCSPWR08,1113,[],"[(1092, 1)]"
BCSPWR08,1122,"[977, 1002]",[]
BCSPWR08,1124,[],"[(1562, 1), (1563, 1), (1564, 1)]"
BCSPWR08,1126,[],"[(1130, 1)]"
BCSPWR08,1130,[],"[(1126, 1), (1412, 1)]"
BCSPWR08,1131,[1132],"[(1142, 1)]"
BCSPWR08,1132,[1131],"[(1142, 1)]"
BCSPWR08,1133,[],"[(1470, 1)]"
BCSPWR08,1139,[],"[(1516, 1)]"
BCSPWR08,1142,[],"[(1131, 1), (1132, 1)]"
BCSPWR08,1150,[],"[(1153, 1)]"
BCSPWR08,1153,[],"[(1150, 1)]"
BCSPWR08,1159,[],"[(1182, 1)]"
BCSPWR08,1166,[],"[(1167, 1)]"
BCSPWR08,1167,[],"[(1166, 1)]"
BCSPWR08,1173,"[1176, 1177]",[]
BCSPWR08,1176,"[1173, 1177]",[]
BCSPWR08,1177,"[1173, 1176]",[]
BCSPWR08,1179,[1187],[]
BCSPWR08,1182,[],"[(1159, 1), (1208, 1)]"
BCSPWR08,1187,[1179],[]
BCSPWR08,1191,[],"[(1221, 1)]"
BCSPWR08,1208,[],"[(1182, 1)]"
BCSPWR08,1213,[],"[(1428, 1)]"
BCSPWR08,1221,[],"[(1191, 1)]"
BCSPWR08,1222,[],"[(1225, 1), (1229, 1), (1230, 1)]"
BCSPWR08,1223,[],"[(1232, 1)]"
BCSPWR08,1224,[],"[(1232, 1)]"
BCSPWR08,1225,"[1229, 1230]","[(1222, 1), (1250, 1), (1240, 1)]"
BCSPWR08,1226,[],"[(1239, 1), (1231, 1)]"
BCSPWR08,1229,"[1225, 1230]","[(1222, 1), (1250, 1), (1240, 1)]"
BCSPWR08,1230,"[1225, 1229]","[(1222, 1), (1250, 1), (1240, 1)]"
BCSPWR08,1231,[1239],"[(1226, 1)]"
BCSPWR08,1232,[],"[(1223, 1), (1224, 1), (1240, 1)]"
BCSPWR08,1234,[],"[(1243, 1)]"
BCSPWR08,1235,[],"[(1248, 1), (1249, 1), (1247, 1)]"
BCSPWR08,1236,[],"[(1248, 1), (1249, 1), (1247, 1)]"
BCSPWR08,1239,[1231],"[(1226, 1)]"
BCSPWR08,1240,[],"[(1225, 1), (1229, 1), (1230, 1), (1232, 1)]"
BCSPWR08,1243,[],"[(1234, 1)]"
BCSPWR08,1244,[],"[(1248, 1), (1249, 1), (1247, 1)]"
BCSPWR08,1247,"[1248, 1249]","[(1235, 1), (1236, 1), (1244, 1)]"
BCSPWR08,1248,"[1247, 1249]","[(1235, 1), (1236, 1), (1244, 1)]"
BCSPWR08,1249,"[1247, 1248]","[(1235, 1), (1236, 1), (1244, 1)]"
BCSPWR08,1250,[],"[(1225, 1), (1229, 1), (1230, 1)]"
BCSPWR08,1252,[],"[(1384, 1), (1385, 1), (1386, 1)]"
BCSPWR08,1254,[],"[(1293, 1)]"
BCSPWR08,1256,[],"[(1257, 1)]"
BCSPWR08,1257,[],"[(1256, 1)]"
BCSPWR08,1260,[1261],[]
BCSPWR08,1261,[1260],[]
BCSPWR08,1265,[],"[(1291, 1)]"
BCSPWR08,1291,[],"[(1265, 1)]"
BCSPWR08,1293,[],"[(1254, 1)]"
BCSPWR08,1294,[1295],[]
BCSPWR08,1295,[1294],[]
BCSPWR08,1302,[],"[(1380, 1), (1371, 1)]"
BCSPWR08,1308,[1309],"[(1342, 1)]"
BCSPWR08,1309,[1308],"[(1342, 1)]"
BCSPWR08,1312,[],"[(1362, 1), (1363, 1)]"
BCSPWR08,1321,[1322],[]
BCSPWR08,1322,[1321],[]
BCSPWR08,1324,[1325],"[(1368, 1)]"
BCSPWR08,1325,[1324],"[(1368, 1)]"
BCSPWR08,1335,[1336],[]
BCSPWR08,1336,[1335],[]
BCSPWR08,1342,[],"[(1308, 1), (1309, 1)]"
BCSPWR08,1349,[],"[(1350, 1)]"
BCSPWR08,1350,[],"[(1349, 1)]"
BCSPWR08,1362,[1363],"[(1312, 1)]"
BCSPWR08,1363,[1362],"[(1312, 1)]"
BCSPWR08,1368,[],"[(1324, 1), (1325, 1)]"
BCSPWR08,1371,[],"[(1302, 1)]"
BCSPWR08,1373,[1374],[]
BCSPWR08,1374,[1373],[]
BCSPWR08,1377,[],"[(1384, 1), (1385, 1), (1386, 1)]"
BCSPWR08,1380,[],"[(1302, 1), (1387, 1)]"
BCSPWR08,1384,"[1385, 1386]","[(1252, 1), (1377, 1)]"
BCSPWR08,1385,"[1384, 1386]","[(1252, 1), (1377, 1)]"
BCSPWR08,1386,"[1384, 1385]","[(1252, 1), (1377, 1)]"
BCSPWR08,1387,[],"[(1380, 1)]"
BCSPWR08,1396,[],"[(1462, 1)]"
BCSPWR08,1412,[],"[(1130, 1)]"
BCSPWR08,1417,[],"[(1418, 1)]"
BCSPWR08,1418,[],"[(1417, 1)]"
BCSPWR08,1420,[],"[(1451, 1)]"
BCSPWR08,1422,[],"[(1451, 1), (1452, 1)]"
BCSPWR08,1428,[],"[(1213, 1)]"
BCSPWR08,1430,[],"[(1518, 1)]"
BCSPWR08,1439,[],"[(1516, 1)]"
BCSPWR08,1451,[],"[(1420, 1), (1422, 1), (1453, 1)]"
BCSPWR08,1452,[],"[(1422, 1)]"
BCSPWR08,1453,[],"[(1451, 1)]"
BCSPWR08,1455,[1502],[]
BCSPWR08,1462,[],"[(1396, 1), (1498, 1)]"
BCSPWR08,1469,[],"[(1477, 1)]"
BCSPWR08,1470,[],"[(1133, 1)]"
BCSPWR08,1472,[],"[(1476, 1)]"
BCSPWR08,1476,[],"[(1472, 1)]"
BCSPWR08,1477,[],"[(1469, 1)]"
BCSPWR08,1481,[1483],"[(1501, 1)]"
BCSPWR08,1483,[1481],"[(1501, 1)]"
BCSPWR08,1498,[],"[(1462, 1)]"
BCSPWR08,1501,[],"[(1481, 1), (1483, 1)]"
BCSPWR08,1502,[1455],[]
BCSPWR08,1506,[],"[(523, 1), (1515, 1)]"
BCSPWR08,1509,[],"[(1513, 1)]"
BCSPWR08,1513,[],"[(1509, 1)]"
BCSPWR08,1515,[],"[(1506, 1)]"
BCSPWR08,1516,[],"[(1139, 1), (1439, 1)]"
BCSPWR08,1518,[],"[(1430, 1)]"
BCSPWR08,1530,[],"[(1542, 1)]"
BCSPWR08,1531,[1532],"[(1588, 1)]"
BCSPWR08,1532,[1531],"[(1588, 1)]"
BCSPWR08,1534,[],"[(1581, 1)]"
BCSPWR08,1536,[1537],[]
BCSPWR08,1537,[1536],[]
BCSPWR08,1540,[1541],"[(1584, 1)]"
BCSPWR08,1541,[1540],"[(1584, 1)]"
BCSPWR08,1542,[],"[(1530, 1)]"
BCSPWR08,1544,[],"[(1556, 1)]"
BCSPWR08,1548,[],"[(1559, 1)]"
BCSPWR08,1550,[],"[(1580, 1)]"
BCSPWR08,1552,[1553],"[(1572, 1)]"
BCSPWR08,1553,[1552],"[(1572, 1)]"
BCSPWR08,1556,[],"[(1544, 1)]"
BCSPWR08,1557,[],"[(379, 1), (380, 1)]"
BCSPWR08,1559,[],"[(1548, 1), (1568, 1)]"
BCSPWR08,1562,"[1563, 1564]","[(1124, 1)]"
BCSPWR08,1563,"[1562, 1564]","[(1124, 1)]"
BCSPWR08,1564,"[1562, 1563]","[(1124, 1)]"
BCSPWR08,1568,[],"[(1559, 1)]"
BCSPWR08,1569,[],"[(1579, 1)]"
BCSPWR08,1572,[],"[(74, 1), (1552, 1), (1553, 1)]"
BCSPWR08,1573,[1578],[]
BCSPWR08,1578,[1573],[]
BCSPWR08,1579,[],"[(1569, 1)]"
BCSPWR08,1580,[],"[(1550, 1)]"
BCSPWR08,1581,[],"[(1534, 1)]"
BCSPWR08,1584,[],"[(1540, 1), (1541, 1)]"
BCSPWR08,1588,[],"[(1531, 1), (1532, 1)]"
BCSPWR08,1590,[],"[(1594, 1), (1591, 1)]"
BCSPWR08,1591,[],"[(1590, 1)]"
BCSPWR08,1594,[],"[(1590, 1)]"
BCSPWR08,1598,[],"[(1600, 1), (1611, 1)]"
BCSPWR08,1600,[],"[(1598, 1), (1601, 1)]"
BCSPWR08,1601,[],"[(1600, 1)]"
BCSPWR08,1606,[],"[(1622, 1)]"
BCSPWR08,1610,[],"[(372, 1), (1612, 1)]"
BCSPWR08,1611,[],"[(1598, 1), (1614, 1)]"
BCSPWR08,1612,[],"[(1610, 1)]"
BCSPWR08,1614,[],"[(324, 1), (1611, 1)]"
BCSPWR08,1622,[],"[(1606, 1)]"
BCSPWR09,0,[],"[(890, 1)]"
BCSPWR09,2,[],"[(681, 1), (722, 1), (764, 1)]"
BCSPWR09,3,[],"[(1071, 1)]"
BCSPWR09,4,[],"[(1054, 1)]"
BCSPWR09,5,[],"[(835, 1), (617, 1), (970, 1), (1073, 1), (979, 1)]"
BCSPWR09,10,[],"[(326, 1)]"
BCSPWR09,11,[12],[]
BCSPWR09,12,[11],[]
BCSPWR09,15,[16],[]
BCSPWR09,16,[15],[]
BCSPWR09,17,[],"[(672, 1), (676, 1), (630, 1)]"
BCSPWR09,18,[19],[]
BCSPWR09,19,[18],[]
BCSPWR09,21,[22],"[(863, 1)]"
BCSPWR09,22,[21],"[(863, 1)]"
BCSPWR09,25,[],"[(27, 1)]"
BCSPWR09,27,[],"[(25, 1)]"
BCSPWR09,29,[30],[]
BCSPWR09,30,[29],[]
BCSPWR09,34,[],"[(641, 1)]"
BCSPWR09,35,[],"[(607, 1)]"
BCSPWR09,36,"[220, 240]",[]
BCSPWR09,38,[],"[(1019, 1)]"
BCSPWR09,43,[44],"[(795, 1)]"
BCSPWR09,44,[43],"[(795, 1)]"
BCSPWR09,51,[],"[(692, 1)]"
BCSPWR09,52,[],"[(679, 1)]"
BCSPWR09,55,[57],[]
BCSPWR09,56,[358],[]
BCSPWR09,57,[55],[]
BCSPWR09,59,[],"[(690, 1)]"
BCSPWR09,60,"[61, 62, 63]","[(704, 1)]"
BCSPWR09,61,"[60, 62, 63]","[(704, 1)]"
BCSPWR09,62,"[60, 61, 63]","[(704, 1)]"
BCSPWR09,63,"[60, 61, 62]","[(704, 1)]"
BCSPWR09,67,[],"[(803, 1), (1007, 1), (787, 1)]"
BCSPWR09,68,[],"[(70, 1)]"
BCSPWR09,70,[],"[(68, 1)]"
BCSPWR09,72,[],"[(324, 1)]"
BCSPWR09,73,[],"[(698, 1)]"
BCSPWR09,74,[],"[(964, 1)]"
BCSPWR09,75,[],"[(944, 1)]"
BCSPWR09,76,[],"[(947, 1), (951, 1)]"
BCSPWR09,78,"[79, 80]","[(653, 1), (702, 1)]"
BCSPWR09,79,"[78, 80]","[(653, 1), (702, 1)]"
BCSPWR09,80,"[78, 79]","[(653, 1), (702, 1)]"
BCSPWR09,82,"[83, 1716]","[(789, 1), (85, 1), (695, 1)]"
BCSPWR09,83,"[82, 1716]","[(789, 1), (85, 1), (695, 1)]"
BCSPWR09,85,[],"[(82, 1), (83, 1), (1716, 1)]"
BCSPWR09,86,[],"[(353, 1), (856, 1)]"
BCSPWR09,87,[],"[(89, 1)]"
BCSPWR09,89,[],"[(87, 1)]"
BCSPWR09,91,"[114, 179, 376, 434]","[(897, 1), (898, 1)]"
BCSPWR09,92,[],"[(785, 1)]"
BCSPWR09,93,[97],"[(804, 1), (1005, 1)]"
BCSPWR09,94,[137],"[(712, 1)]"
BCSPWR09,96,[],"[(333, 1)]"
BCSPWR09,97,[93],"[(804, 1), (1005, 1)]"
BCSPWR09,98,[350],"[(713, 1)]"
BCSPWR09,101,[],"[(821, 1), (665, 1)]"
BCSPWR09,106,[107],[]
BCSPWR09,107,[106],[]
BCSPWR09,108,"[109, 110]","[(112, 1)]"
BCSPWR09,109,"[108, 110]","[(112, 1)]"
BCSPWR09,110,"[108, 109]","[(112, 1)]"
BCSPWR09,112,[],"[(108, 1), (109, 1), (110, 1)]"
BCSPWR09,113,[],"[(187, 1)]"
BCSPWR09,114,"[91, 179, 376, 434]","[(897, 1), (898, 1)]"
BCSPWR09,115,[451],[]
BCSPWR09,116,"[117, 118, 119, 120]","[(122, 1)]"
BCSPWR09,117,"[116, 118, 119, 120]","[(122, 1)]"
BCSPWR09,118,"[116, 117, 119, 120]","[(122, 1)]"
BCSPWR09,119,"[116, 117, 118, 120]","[(122, 1)]"
BCSPWR09,120,"[116, 117, 118, 119]","[(122, 1)]"
BCSPWR09,122,[],"[(116, 1), (117, 1), (118, 1), (119, 1), (120, 1)]"
BCSPWR09,123,[],"[(688, 1)]"
BCSPWR09,130,[131],"[(747, 1)]"
BCSPWR09,131,[130],"[(747, 1)]"
BCSPWR09,132,[236],[]
BCSPWR09,134,"[135, 136]",[]
BCSPWR09,135,"[134, 136]",[]
BCSPWR09,136,"[134, 135]",[]
BCSPWR09,137,[94],"[(712, 1)]"
BCSPWR09,139,"[140, 141, 142]","[(1032, 1), (886, 1), (955, 1)]"
BCSPWR09,140,"[139, 141, 142]","[(1032, 1), (886, 1), (955, 1)]"
BCSPWR09,141,"[139, 140, 142]","[(1032, 1), (886, 1), (955, 1)]"
BCSPWR09,142,"[139, 140, 141]","[(1032, 1), (886, 1), (955, 1)]"
BCSPWR09,143,"[144, 145]","[(847, 1)]"
BCSPWR09,144,"[143, 145]","[(847, 1)]"
BCSPWR09,145,"[143, 144]","[(847, 1)]"
BCSPWR09,146,[],"[(567, 1)]"
BCSPWR09,152,[],"[(948, 1)]"
BCSPWR09,153,[],"[(624, 1)]"
BCSPWR09,155,"[156, 157, 158, 159, 1714]","[(1075, 1)]"
BCSPWR09,156,"[155, 157, 158, 159, 1714]","[(1075, 1)]"
BCSPWR09,157,"[155, 156, 158, 159, 1714]","[(1075, 1)]"
BCSPWR09,158,"[155, 156, 157, 159, 1714]","[(1075, 1)]"
BCSPWR09,159,"[155, 156, 157, 158, 1714]","[(1075, 1)]"
BCSPWR09,161,"[162, 163]",[]
BCSPWR09,162,"[161, 163]",[]
BCSPWR09,163,"[161, 162]",[]
BCSPWR09,164,"[165, 166, 1713]","[(1037, 1)]"
BCSPWR09,165,"[164, 166, 1713]","[(1037, 1)]"
BCSPWR09,166,"[164, 165, 1713]","[(1037, 1)]"
BCSPWR09,177,[],"[(992, 1), (558, 1)]"
BCSPWR09,178,[],"[(558, 1)]"
BCSPWR09,179,"[91, 114, 376, 434]","[(897, 1), (898, 1)]"
BCSPWR09,180,"[181, 192]",[]
BCSPWR09,181,"[180, 192]",[]
BCSPWR09,182,[],"[(768, 1), (909, 1)]"
BCSPWR09,183,[184],[]
BCSPWR09,184,[183],[]
BCSPWR09,187,[],"[(113, 1)]"
BCSPWR09,191,[],"[(555, 1)]"
BCSPWR09,192,"[180, 181]",[]
BCSPWR09,193,[],"[(1033, 1)]"
BCSPWR09,194,[],"[(931, 1), (932, 1), (711, 1), (873, 1), (342, 1)]"
BCSPWR09,196,[197],"[(1049, 1)]"
BCSPWR09,197,[196],"[(1049, 1)]"
BCSPWR09,201,[202],[]
BCSPWR09,202,[201],[]
BCSPWR09,204,"[216, 429]",[]
BCSPWR09,208,[],"[(942, 1), (657, 1), (827, 1), (892, 1)]"
BCSPWR09,209,[],"[(643, 1)]"
BCSPWR09,216,"[204, 429]",[]
BCSPWR09,217,[],"[(219, 1)]"
BCSPWR09,219,[],"[(217, 1), (351, 1)]"
BCSPWR09,220,"[36, 240]",[]
BCSPWR09,221,[],"[(850, 1), (855, 1)]"
BCSPWR09,222,[],"[(899, 1), (1066, 1)]"
BCSPWR09,223,[],"[(225, 1)]"
BCSPWR09,225,[],"[(223, 1)]"
BCSPWR09,228,[],"[(867, 1), (697, 1)]"
BCSPWR09,231,[],"[(856, 1)]"
BCSPWR09,234,[235],[]
BCSPWR09,235,[234],[]
BCSPWR09,236,[132],[]
BCSPWR09,240,"[36, 220]",[]
BCSPWR09,241,[242],"[(966, 1), (686, 1)]"
BCSPWR09,242,[241],"[(966, 1), (686, 1)]"
BCSPWR09,243,[244],[]
BCSPWR09,244,[243],[]
BCSPWR09,246,[247],[]
BCSPWR09,247,[246],[]
BCSPWR09,249,[250],[]
BCSPWR09,250,[249],[]
BCSPWR09,251,[252],[]
BCSPWR09,252,[251],[]
BCSPWR09,255,[256],[]
BCSPWR09,256,[255],[]
BCSPWR09,258,[259],"[(750, 1)]"
BCSPWR09,259,[258],"[(750, 1)]"
BCSPWR09,260,[],"[(792, 1)]"
BCSPWR09,261,[262],[]
BCSPWR09,262,[261],[]
BCSPWR09,275,[],"[(277, 1)]"
BCSPWR09,277,[],"[(275, 1), (438, 1)]"
BCSPWR09,278,[],"[(1706, 1)]"
BCSPWR09,279,[280],"[(664, 1)]"
BCSPWR09,280,[279],"[(664, 1)]"
BCSPWR09,282,[283],"[(285, 1)]"
BCSPWR09,283,[282],"[(285, 1)]"
BCSPWR09,285,[],"[(282, 1), (283, 1)]"
BCSPWR09,286,[],"[(901, 1)]"
BCSPWR09,288,[289],[]
BCSPWR09,289,[288],[]
BCSPWR09,290,[],"[(920, 1)]"
BCSPWR09,292,[],"[(851, 1)]"
BCSPWR09,295,[],"[(297, 1), (1011, 1)]"
BCSPWR09,297,[],"[(295, 1)]"
BCSPWR09,299,[],"[(301, 1)]"
BCSPWR09,301,[],"[(299, 1)]"
BCSPWR09,303,[304],[]
BCSPWR09,304,[303],[]
BCSPWR09,308,[],"[(934, 1)]"
BCSPWR09,309,[312],[]
BCSPWR09,311,[],"[(750, 1)]"
BCSPWR09,312,[309],[]
BCSPWR09,313,[],"[(761, 1)]"
BCSPWR09,314,[],"[(763, 1)]"
BCSPWR09,315,[316],[]
BCSPWR09,316,[315],[]
BCSPWR09,317,[318],[]
BCSPWR09,318,[317],[]
BCSPWR09,319,[320],[]
BCSPWR09,320,[319],[]
BCSPWR09,323,[],"[(683, 1)]"
BCSPWR09,324,[],"[(72, 1)]"
BCSPWR09,326,[],"[(10, 1)]"
BCSPWR09,328,"[329, 330]","[(641, 1)]"
BCSPWR09,329,"[328, 330]","[(641, 1)]"
BCSPWR09,330,"[328, 329]","[(641, 1)]"
BCSPWR09,331,[332],[]
BCSPWR09,332,[331],[]
BCSPWR09,333,[],"[(96, 1)]"
BCSPWR09,334,"[335, 336, 337, 338]","[(881, 1), (888, 1)]"
BCSPWR09,335,"[334, 336, 337, 338]","[(881, 1), (888, 1)]"
BCSPWR09,336,"[334, 335, 337, 338]","[(881, 1), (888, 1)]"
BCSPWR09,337,"[334, 335, 336, 338]","[(881, 1), (888, 1)]"
BCSPWR09,338,"[334, 335, 336, 337]","[(881, 1), (888, 1)]"
BCSPWR09,339,[1712],"[(791, 1), (606, 1)]"
BCSPWR09,340,[],"[(914, 1), (1003, 1)]"
BCSPWR09,342,[],"[(194, 1)]"
BCSPWR09,343,"[344, 345]","[(997, 1), (807, 1), (398, 1), (400, 1), (347, 1), (889, 1)]"
BCSPWR09,344,"[343, 345]","[(997, 1), (807, 1), (398, 1), (400, 1), (347, 1), (889, 1)]"
BCSPWR09,345,"[343, 344]","[(997, 1), (807, 1), (398, 1), (400, 1), (347, 1), (889, 1)]"
BCSPWR09,347,[],"[(343, 1), (344, 1), (345, 1)]"
BCSPWR09,350,[98],"[(713, 1)]"
BCSPWR09,351,[],"[(219, 1), (353, 1)]"
BCSPWR09,353,[],"[(86, 1), (351, 1)]"
BCSPWR09,354,[355],[]
BCSPWR09,355,[354],[]
BCSPWR09,356,[357],[]
BCSPWR09,357,[356],[]
BCSPWR09,358,[56],[]
BCSPWR09,361,[],"[(617, 1), (701, 1)]"
BCSPWR09,362,[363],"[(679, 1)]"
BCSPWR09,363,[362],"[(679, 1)]"
BCSPWR09,365,[],"[(988, 1)]"
BCSPWR09,366,[367],"[(369, 1)]"
BCSPWR09,367,[366],"[(369, 1)]"
BCSPWR09,369,[],"[(366, 1), (367, 1)]"
BCSPWR09,370,[371],[]
BCSPWR09,371,[370],[]
BCSPWR09,372,[373],[]
BCSPWR09,373,[372],[]
BCSPWR09,376,"[91, 114, 179, 434]","[(897, 1), (898, 1)]"
BCSPWR09,377,[1426],"[(973, 1)]"
BCSPWR09,380,"[381, 382, 383]",[]
BCSPWR09,381,"[380, 382, 383]",[]
BCSPWR09,382,"[380, 381, 383]",[]
BCSPWR09,383,"[380, 381, 382]",[]
BCSPWR09,384,[],"[(831, 1)]"
BCSPWR09,386,[387],[]
BCSPWR09,387,[386],[]
BCSPWR09,388,[],"[(746, 1)]"
BCSPWR09,389,"[390, 1708]",[]
BCSPWR09,390,"[389, 1708]",[]
BCSPWR09,398,[],"[(343, 1), (344, 1), (345, 1)]"
BCSPWR09,400,[],"[(343, 1), (344, 1), (345, 1)]"
BCSPWR09,401,[415],[]
BCSPWR09,404,[405],[]
BCSPWR09,405,[404],[]
BCSPWR09,407,[408],"[(637, 1)]"
BCSPWR09,408,[407],"[(637, 1)]"
BCSPWR09,413,[],"[(1018, 1)]"
BCSPWR09,415,[401],[]
BCSPWR09,416,[],"[(1000, 1), (814, 1)]"
BCSPWR09,418,[1707],[]
BCSPWR09,420,[421],"[(1029, 1)]"
BCSPWR09,421,[420],"[(1029, 1)]"
BCSPWR09,423,[],"[(707, 1), (978, 1)]"
BCSPWR09,424,[425],"[(692, 1)]"
BCSPWR09,425,[424],"[(692, 1)]"
BCSPWR09,426,[],"[(948, 1)]"
BCSPWR09,429,"[204, 216]",[]
BCSPWR09,430,[1710],[]
BCSPWR09,431,[],"[(678, 1), (726, 1)]"
BCSPWR09,434,"[91, 114, 179, 376]","[(897, 1), (898, 1)]"
BCSPWR09,435,[],"[(612, 1)]"
BCSPWR09,438,[],"[(277, 1), (615, 1), (1033, 1), (883, 1), (852, 1)]"
BCSPWR09,439,[440],[]
BCSPWR09,440,[439],[]
BCSPWR09,442,[443],"[(725, 1)]"
BCSPWR09,443,[442],"[(725, 1)]"
BCSPWR09,444,[445],"[(724, 1), (991, 1)]"
BCSPWR09,445,[444],"[(724, 1), (991, 1)]"
BCSPWR09,449,[450],"[(811, 1), (790, 1)]"
BCSPWR09,450,[449],"[(811, 1), (790, 1)]"
BCSPWR09,451,[115],[]
BCSPWR09,452,[],"[(616, 1)]"
BCSPWR09,453,[454],[]
BCSPWR09,454,[453],[]
BCSPWR09,455,[456],[]
BCSPWR09,456,[455],[]
BCSPWR09,555,[],"[(191, 1)]"
BCSPWR09,558,[],"[(177, 1), (178, 1)]"
BCSPWR09,567,[],"[(146, 1)]"
BCSPWR09,570,[],"[(754, 1)]"
BCSPWR09,586,[],"[(675, 1)]"
BCSPWR09,603,"[913, 984]",[]
BCSPWR09,605,[],"[(1720, 1)]"
BCSPWR09,606,[],"[(339, 1), (1712, 1)]"
BCSPWR09,607,[],"[(35, 1)]"
BCSPWR09,612,[],"[(435, 1)]"
BCSPWR09,615,[],"[(438, 1)]"
BCSPWR09,616,[],"[(452, 1)]"
BCSPWR09,617,[],"[(5, 1), (361, 1)]"
BCSPWR09,624,[],"[(153, 1)]"
BCSPWR09,630,[],"[(17, 1)]"
BCSPWR09,637,[],"[(407, 1), (408, 1)]"
BCSPWR09,641,[],"[(34, 1), (328, 1), (329, 1), (330, 1)]"
BCSPWR09,643,[],"[(209, 1)]"
BCSPWR09,649,[780],[]
BCSPWR09,653,[],"[(78, 1), (79, 1), (80, 1)]"
BCSPWR09,656,[],"[(1251, 1)]"
BCSPWR09,657,[],"[(208, 1)]"
BCSPWR09,661,[662],[]
BCSPWR09,662,[661],[]
BCSPWR09,664,[],"[(279, 1), (280, 1)]"
BCSPWR09,665,[],"[(101, 1)]"
BCSPWR09,669,[670],[]
BCSPWR09,670,[669],[]
BCSPWR09,671,[673],[]
BCSPWR09,672,[],"[(17, 1)]"
BCSPWR09,673,[671],[]
BCSPWR09,675,[],"[(586, 1)]"
BCSPWR09,676,[],"[(17, 1)]"
BCSPWR09,678,[],"[(431, 1), (727, 1)]"
BCSPWR09,679,[],"[(52, 1), (362, 1), (363, 1)]"
BCSPWR09,681,[],"[(2, 1)]"
BCSPWR09,683,[],"[(323, 1)]"
BCSPWR09,686,[],"[(241, 1), (242, 1)]"
BCSPWR09,688,[],"[(123, 1)]"
BCSPWR09,690,[],"[(59, 1)]"
BCSPWR09,692,[],"[(51, 1), (424, 1), (425, 1)]"
BCSPWR09,695,[],"[(82, 1), (83, 1), (1716, 1)]"
BCSPWR09,697,[],"[(228, 1)]"
BCSPWR09,698,[],"[(73, 1), (1169, 1)]"
BCSPWR09,699,[700],[]
BCSPWR09,700,[699],[]
BCSPWR09,701,[],"[(361, 1)]"
BCSPWR09,702,[],"[(78, 1), (79, 1), (80, 1)]"
BCSPWR09,704,[],"[(60, 1), (61, 1), (62, 1), (63, 1)]"
BCSPWR09,707,[978],"[(423, 1)]"
BCSPWR09,708,[714],[]
BCSPWR09,711,[],"[(194, 1)]"
BCSPWR09,712,[],"[(94, 1), (137, 1)]"
BCSPWR09,713,[],"[(98, 1), (350, 1)]"
BCSPWR09,714,[708],[]
BCSPWR09,722,[],"[(2, 1)]"
BCSPWR09,724,[],"[(444, 1), (445, 1)]"
BCSPWR09,725,[],"[(442, 1), (443, 1)]"
BCSPWR09,726,[],"[(431, 1)]"
BCSPWR09,727,[],"[(678, 1)]"
BCSPWR09,739,[743],[]
BCSPWR09,740,[],"[(1711, 1)]"
BCSPWR09,742,[],"[(1189, 1)]"
BCSPWR09,743,[739],[]
BCSPWR09,746,[],"[(388, 1)]"
BCSPWR09,747,[],"[(130, 1), (131, 1)]"
BCSPWR09,750,[],"[(258, 1), (259, 1), (311, 1)]"
BCSPWR09,754,[],"[(570, 1)]"
BCSPWR09,757,[],"[(1290, 1)]"
BCSPWR09,758,[770],[]
BCSPWR09,761,[],"[(313, 1)]"
BCSPWR09,763,[],"[(314, 1)]"
BCSPWR09,764,[],"[(2, 1)]"
BCSPWR09,768,[],"[(182, 1)]"
BCSPWR09,770,[758],[]
BCSPWR09,779,[],"[(1215, 1)]"
BCSPWR09,780,[649],[]
BCSPWR09,785,[],"[(92, 1)]"
BCSPWR09,787,[],"[(67, 1)]"
BCSPWR09,789,[],"[(82, 1), (83, 1), (1716, 1)]"
BCSPWR09,790,[],"[(449, 1), (450, 1)]"
BCSPWR09,791,[],"[(339, 1), (1712, 1)]"
BCSPWR09,792,[],"[(260, 1)]"
BCSPWR09,793,"[958, 1076]",[]
BCSPWR09,795,[],"[(43, 1), (44, 1)]"
BCSPWR09,803,[],"[(67, 1)]"
BCSPWR09,804,[],"[(93, 1), (97, 1)]"
BCSPWR09,807,[],"[(343, 1), (344, 1), (345, 1)]"
BCSPWR09,808,[953],[]
BCSPWR09,811,[],"[(449, 1), (450, 1)]"
BCSPWR09,814,[],"[(416, 1)]"
BCSPWR09,815,[],"[(1720, 1)]"
BCSPWR09,821,[],"[(101, 1)]"
BCSPWR09,827,[],"[(208, 1)]"
BCSPWR09,831,[],"[(384, 1)]"
BCSPWR09,835,[],"[(5, 1)]"
BCSPWR09,847,[],"[(143, 1), (144, 1), (145, 1)]"
BCSPWR09,850,[],"[(221, 1)]"
BCSPWR09,851,[],"[(292, 1)]"
BCSPWR09,852,[],"[(438, 1)]"
BCSPWR09,855,[],"[(221, 1)]"
BCSPWR09,856,[],"[(86, 1), (231, 1)]"
BCSPWR09,863,[],"[(21, 1), (22, 1)]"
BCSPWR09,867,[],"[(228, 1)]"
BCSPWR09,873,[],"[(194, 1)]"
BCSPWR09,881,[],"[(334, 1), (335, 1), (336, 1), (337, 1), (338, 1)]"
BCSPWR09,883,[],"[(438, 1)]"
BCSPWR09,886,[],"[(139, 1), (140, 1), (141, 1), (142, 1)]"
BCSPWR09,888,[],"[(334, 1), (335, 1), (336, 1), (337, 1), (338, 1)]"
BCSPWR09,889,[],"[(343, 1), (344, 1), (345, 1)]"
BCSPWR09,890,[],"[(0, 1)]"
BCSPWR09,892,[],"[(208, 1)]"
BCSPWR09,897,[],"[(91, 1), (114, 1), (179, 1), (376, 1), (434, 1)]"
BCSPWR09,898,[],"[(91, 1), (114, 1), (179, 1), (376, 1), (434, 1)]"
BCSPWR09,899,[1066],"[(222, 1)]"
BCSPWR09,901,[],"[(286, 1)]"
BCSPWR09,909,[],"[(182, 1)]"
BCSPWR09,913,"[603, 984]",[]
BCSPWR09,914,[],"[(340, 1)]"
BCSPWR09,920,[],"[(290, 1)]"
BCSPWR09,931,[932],"[(194, 1)]"
BCSPWR09,932,[931],"[(194, 1)]"
BCSPWR09,934,[],"[(308, 1)]"
BCSPWR09,935,[],"[(1705, 1)]"
BCSPWR09,942,[],"[(208, 1)]"
BCSPWR09,944,[],"[(75, 1)]"
BCSPWR09,947,[],"[(76, 1)]"
BCSPWR09,948,[],"[(152, 1), (426, 1)]"
BCSPWR09,951,[],"[(76, 1)]"
BCSPWR09,953,[808],[]
BCSPWR09,955,[],"[(139, 1), (140, 1), (141, 1), (142, 1)]"
BCSPWR09,958,"[793, 1076]",[]
BCSPWR09,964,[],"[(74, 1)]"
BCSPWR09,966,[],"[(241, 1), (242, 1)]"
BCSPWR09,970,[],"[(5, 1)]"
BCSPWR09,971,[],"[(1313, 1)]"
BCSPWR09,973,[],"[(377, 1), (1426, 1)]"
BCSPWR09,978,[707],"[(423, 1)]"
BCSPWR09,979,[],"[(5, 1)]"
BCSPWR09,981,[982],[]
BCSPWR09,982,[981],[]
BCSPWR09,984,"[603, 913]",[]
BCSPWR09,988,[],"[(365, 1)]"
BCSPWR09,991,[],"[(444, 1), (445, 1)]"
BCSPWR09,992,[],"[(177, 1)]"
BCSPWR09,997,[],"[(343, 1), (344, 1), (345, 1)]"
BCSPWR09,1000,[],"[(416, 1)]"
BCSPWR09,1003,[],"[(340, 1)]"
BCSPWR09,1005,[],"[(93, 1), (97, 1)]"
BCSPWR09,1007,[],"[(67, 1)]"
BCSPWR09,1011,[],"[(295, 1)]"
BCSPWR09,1018,[],"[(413, 1)]"
BCSPWR09,1019,[],"[(38, 1)]"
BCSPWR09,1022,[],"[(1334, 1)]"
BCSPWR09,1029,[],"[(420, 1), (421, 1)]"
BCSPWR09,1032,[],"[(139, 1), (140, 1), (141, 1), (142, 1)]"
BCSPWR09,1033,[],"[(193, 1), (438, 1)]"
BCSPWR09,1037,[],"[(164, 1), (165, 1), (166, 1), (1713, 1)]"
BCSPWR09,1049,[],"[(196, 1), (197, 1)]"
BCSPWR09,1054,[],"[(4, 1)]"
BCSPWR09,1060,[],"[(1673, 1)]"
BCSPWR09,1066,[899],"[(222, 1)]"
BCSPWR09,1071,[],"[(3, 1)]"
BCSPWR09,1073,[],"[(5, 1)]"
BCSPWR09,1075,[],"[(155, 1), (156, 1), (157, 1), (158, 1), (159, 1), (1714, 1)]"
BCSPWR09,1076,"[793, 958]",[]
BCSPWR09,1169,[],"[(698, 1)]"
BCSPWR09,1189,[],"[(742, 1)]"
BCSPWR09,1204,[],"[(1386, 1)]"
BCSPWR09,1215,[],"[(779, 1)]"
BCSPWR09,1251,[],"[(656, 1)]"
BCSPWR09,1290,[],"[(757, 1)]"
BCSPWR09,1313,[],"[(971, 1)]"
BCSPWR09,1317,[1318],[]
BCSPWR09,1318,[1317],[]
BCSPWR09,1334,[],"[(1022, 1)]"
BCSPWR09,1386,[],"[(1204, 1)]"
BCSPWR09,1426,[377],"[(973, 1)]"
BCSPWR09,1673,[],"[(1060, 1)]"
BCSPWR09,1705,[],"[(935, 1)]"
BCSPWR09,1706,[],"[(278, 1)]"
BCSPWR09,1707,[418],[]
BCSPWR09,1708,"[389, 390]",[]
BCSPWR09,1710,[430],[]
BCSPWR09,1711,[],"[(740, 1)]"
BCSPWR09,1712,[339],"[(606, 1), (791, 1)]"
BCSPWR09,1713,"[164, 165, 166]","[(1037, 1)]"
BCSPWR09,1714,"[155, 156, 157, 158, 159]","[(1075, 1)]"
BCSPWR09,1716,"[82, 83]","[(85, 1), (695, 1), (789, 1)]"
BCSPWR09,1720,[],"[(605, 1), (815, 1)]"
BCSPWR10,1,[],"[(484, 1), (509, 1)]"
BCSPWR10,4,[],"[(934, 1)]"
BCSPWR10,8,[],"[(300, 1)]"
BCSPWR10,11,[],"[(1197, 1)]"
BCSPWR10,12,[23],"[(1092, 1)]"
BCSPWR10,14,[],"[(270, 1)]"
BCSPWR10,16,[231],"[(2074, 1)]"
BCSPWR10,18,[229],[]
BCSPWR10,19,[233],"[(714, 1)]"
BCSPWR10,20,[],"[(1331, 1)]"
BCSPWR10,21,[],"[(1542, 1), (1654, 1), (1501, 1)]"
BCSPWR10,23,[12],"[(1092, 1)]"
BCSPWR10,25,[],"[(469, 1)]"
BCSPWR10,26,[],"[(408, 1)]"
BCSPWR10,27,[],"[(1793, 1), (2256, 1), (1782, 1), (1302, 1)]"
BCSPWR10,29,[],"[(675, 1)]"
BCSPWR10,37,[],"[(1473, 1), (468, 1)]"
BCSPWR10,39,[76],[]
BCSPWR10,43,[],"[(362, 1), (356, 1), (359, 1)]"
BCSPWR10,44,[],"[(271, 1)]"
BCSPWR10,48,[],"[(959, 1), (949, 1), (951, 1)]"
BCSPWR10,49,[],"[(1668, 1)]"
BCSPWR10,55,[],"[(1803, 1)]"
BCSPWR10,56,[],"[(1207, 1)]"
BCSPWR10,58,[],"[(1300, 1)]"
BCSPWR10,59,[],"[(1237, 1)]"
BCSPWR10,61,[],"[(1085, 1)]"
BCSPWR10,65,[],"[(322, 1)]"
BCSPWR10,66,[214],"[(1763, 1), (1200, 1)]"
BCSPWR10,67,[],"[(869, 1), (895, 1)]"
BCSPWR10,68,[],"[(1452, 1), (1590, 1)]"
BCSPWR10,73,[],"[(2109, 1)]"
BCSPWR10,76,[39],[]
BCSPWR10,79,[],"[(696, 1)]"
BCSPWR10,80,[],"[(273, 1)]"
BCSPWR10,86,[],"[(716, 1)]"
BCSPWR10,87,[],"[(801, 1), (1633, 1), (1546, 1), (796, 1)]"
BCSPWR10,90,[],"[(932, 1), (1070, 1), (942, 1), (2072, 1), (923, 1)]"
BCSPWR10,97,"[143, 152, 205]","[(856, 1)]"
BCSPWR10,104,[],"[(553, 1), (570, 1)]"
BCSPWR10,105,[],"[(561, 1)]"
BCSPWR10,107,[],"[(1072, 1), (1083, 1)]"
BCSPWR10,109,[],"[(435, 1), (412, 1)]"
BCSPWR10,110,[],"[(1240, 1)]"
BCSPWR10,112,[],"[(485, 1)]"
BCSPWR10,113,[],"[(577, 1), (305, 1)]"
BCSPWR10,115,[],"[(1440, 1), (1696, 1)]"
BCSPWR10,116,[],"[(955, 1), (947, 1), (949, 1)]"
BCSPWR10,118,[],"[(999, 1)]"
BCSPWR10,119,[],"[(1472, 1), (1448, 1)]"
BCSPWR10,120,[],"[(1792, 1), (1733, 1), (1737, 1), (1744, 1), (2198, 1)]"
BCSPWR10,121,[],"[(407, 1)]"
BCSPWR10,123,[150],"[(1786, 1)]"
BCSPWR10,124,[],"[(2206, 1)]"
BCSPWR10,126,[],"[(1196, 1), (1207, 1)]"
BCSPWR10,129,[],"[(677, 1)]"
BCSPWR10,132,[],"[(1216, 1), (1214, 1), (1213, 1)]"
BCSPWR10,133,[],"[(1339, 1)]"
BCSPWR10,134,[],"[(1263, 1)]"
BCSPWR10,135,[],"[(1605, 1)]"
BCSPWR10,139,[],"[(1538, 1), (899, 1), (1545, 1)]"
BCSPWR10,141,[],"[(384, 1), (382, 1)]"
BCSPWR10,143,"[97, 152, 205]","[(856, 1)]"
BCSPWR10,145,[],"[(1089, 1), (1091, 1), (1093, 1)]"
BCSPWR10,146,[],"[(414, 1)]"
BCSPWR10,147,[202],"[(452, 1), (432, 1)]"
BCSPWR10,148,[],"[(440, 1), (465, 1)]"
BCSPWR10,149,[],"[(1623, 1)]"
BCSPWR10,150,[123],"[(1786, 1)]"
BCSPWR10,152,"[97, 143, 205]","[(856, 1)]"
BCSPWR10,153,[],"[(415, 1)]"
BCSPWR10,155,[],"[(547, 1), (526, 1)]"
BCSPWR10,156,[],"[(338, 1)]"
BCSPWR10,158,[],"[(1345, 1), (1446, 1)]"
BCSPWR10,159,[],"[(345, 1), (412, 1), (350, 1)]"
BCSPWR10,161,[],"[(416, 1), (430, 1)]"
BCSPWR10,162,[],"[(421, 1)]"
BCSPWR10,163,[],"[(1538, 1)]"
BCSPWR10,164,[],"[(1782, 1)]"
BCSPWR10,165,[],"[(411, 1)]"
BCSPWR10,168,[],"[(2000, 1)]"
BCSPWR10,172,[],"[(533, 1)]"
BCSPWR10,174,[],"[(926, 1)]"
BCSPWR10,175,[],"[(391, 1)]"
BCSPWR10,177,[],"[(2080, 1)]"
BCSPWR10,178,[],"[(988, 1)]"
BCSPWR10,189,[],"[(254, 1)]"
BCSPWR10,190,[],"[(506, 1)]"
BCSPWR10,191,[],"[(1426, 1)]"
BCSPWR10,192,[],"[(1106, 1), (1104, 1)]"
BCSPWR10,195,[],"[(300, 1)]"
BCSPWR10,196,[],"[(247, 1)]"
BCSPWR10,198,[223],[]
BCSPWR10,199,[],"[(2234, 1), (1132, 1)]"
BCSPWR10,200,[],"[(993, 1)]"
BCSPWR10,201,[],"[(492, 1), (493, 1), (495, 1), (2207, 1)]"
BCSPWR10,202,[147],"[(452, 1), (432, 1)]"
BCSPWR10,204,[],"[(239, 1)]"
BCSPWR10,205,"[97, 143, 152]","[(856, 1)]"
BCSPWR10,206,[207],[]
BCSPWR10,207,[206],[]
BCSPWR10,209,[],"[(1063, 1)]"
BCSPWR10,211,[],"[(2045, 1), (1975, 1), (2269, 1)]"
BCSPWR10,213,[],"[(2058, 1)]"
BCSPWR10,214,[66],"[(1763, 1), (1200, 1)]"
BCSPWR10,221,[],"[(1061, 1)]"
BCSPWR10,223,[198],[]
BCSPWR10,225,[],"[(359, 1)]"
BCSPWR10,226,[],"[(397, 1)]"
BCSPWR10,228,[],"[(1475, 1)]"
BCSPWR10,229,[18],[]
BCSPWR10,231,[16],"[(2074, 1)]"
BCSPWR10,232,[],"[(365, 1), (346, 1)]"
BCSPWR10,233,[19],"[(714, 1)]"
BCSPWR10,234,[],"[(1499, 1)]"
BCSPWR10,239,[],"[(204, 1)]"
BCSPWR10,247,[],"[(196, 1)]"
BCSPWR10,254,[],"[(189, 1)]"
BCSPWR10,270,[],"[(14, 1)]"
BCSPWR10,271,[],"[(44, 1)]"
BCSPWR10,273,[],"[(80, 1)]"
BCSPWR10,278,[],"[(3311, 1)]"
BCSPWR10,280,[],"[(2701, 1)]"
BCSPWR10,291,[],"[(2490, 1)]"
BCSPWR10,292,[2041],"[(2697, 1), (2359, 1)]"
BCSPWR10,300,[],"[(8, 1), (195, 1)]"
BCSPWR10,303,[],"[(2827, 1)]"
BCSPWR10,305,[],"[(113, 1)]"
BCSPWR10,309,[],"[(762, 1)]"
BCSPWR10,312,[],"[(3325, 1)]"
BCSPWR10,315,[],"[(762, 1)]"
BCSPWR10,319,[],"[(2813, 1)]"
BCSPWR10,322,[],"[(65, 1)]"
BCSPWR10,328,[337],[]
BCSPWR10,333,[399],[]
BCSPWR10,337,[328],[]
BCSPWR10,338,[],"[(156, 1)]"
BCSPWR10,345,[],"[(159, 1)]"
BCSPWR10,346,[],"[(232, 1)]"
BCSPWR10,350,[],"[(159, 1)]"
BCSPWR10,356,[],"[(43, 1)]"
BCSPWR10,359,[],"[(43, 1), (225, 1)]"
BCSPWR10,362,[],"[(43, 1)]"
BCSPWR10,365,[],"[(232, 1)]"
BCSPWR10,373,[374],[]
BCSPWR10,374,[373],[]
BCSPWR10,382,[],"[(141, 1)]"
BCSPWR10,384,[],"[(141, 1)]"
BCSPWR10,391,[],"[(175, 1)]"
BCSPWR10,397,[],"[(226, 1)]"
BCSPWR10,399,[333],[]
BCSPWR10,407,[],"[(121, 1)]"
BCSPWR10,408,[],"[(26, 1)]"
BCSPWR10,411,[],"[(165, 1)]"
BCSPWR10,412,[],"[(109, 1), (159, 1)]"
BCSPWR10,414,[],"[(146, 1)]"
BCSPWR10,415,[],"[(153, 1)]"
BCSPWR10,416,[],"[(161, 1)]"
BCSPWR10,421,[],"[(162, 1)]"
BCSPWR10,424,[],"[(428, 1)]"
BCSPWR10,428,[],"[(424, 1)]"
BCSPWR10,430,[],"[(161, 1)]"
BCSPWR10,432,[],"[(147, 1), (202, 1)]"
BCSPWR10,435,[],"[(109, 1)]"
BCSPWR10,440,[],"[(148, 1)]"
BCSPWR10,452,[],"[(147, 1), (202, 1)]"
BCSPWR10,465,[],"[(148, 1)]"
BCSPWR10,468,[],"[(37, 1)]"
BCSPWR10,469,[],"[(25, 1), (3352, 1)]"
BCSPWR10,484,[],"[(1, 1)]"
BCSPWR10,485,[],"[(112, 1)]"
BCSPWR10,492,[],"[(201, 1)]"
BCSPWR10,493,[],"[(201, 1)]"
BCSPWR10,495,[],"[(201, 1)]"
BCSPWR10,506,[],"[(190, 1)]"
BCSPWR10,508,[],"[(3370, 1)]"
BCSPWR10,509,[],"[(1, 1)]"
BCSPWR10,511,[],"[(2235, 1)]"
BCSPWR10,526,[],"[(155, 1)]"
BCSPWR10,533,[],"[(172, 1)]"
BCSPWR10,546,[],"[(2745, 1)]"
BCSPWR10,547,[],"[(155, 1)]"
BCSPWR10,549,[],"[(1210, 1)]"
BCSPWR10,553,[],"[(104, 1)]"
BCSPWR10,561,[],"[(105, 1)]"
BCSPWR10,570,[],"[(104, 1)]"
BCSPWR10,577,[],"[(113, 1)]"
BCSPWR10,580,[],"[(3321, 1)]"
BCSPWR10,581,[],"[(1210, 1)]"
BCSPWR10,586,[],"[(605, 1)]"
BCSPWR10,593,[],"[(2335, 1)]"
BCSPWR10,603,[604],[]
BCSPWR10,604,[603],[]
BCSPWR10,605,[],"[(586, 1)]"
BCSPWR10,638,[],"[(1994, 1)]"
BCSPWR10,663,[664],[]
BCSPWR10,664,[663],[]
BCSPWR10,673,[674],[]
BCSPWR10,674,[673],[]
BCSPWR10,675,[],"[(29, 1)]"
BCSPWR10,676,[],"[(2319, 1)]"
BCSPWR10,677,[],"[(129, 1)]"
BCSPWR10,686,[],"[(695, 1)]"
BCSPWR10,695,[],"[(686, 1)]"
BCSPWR10,696,[],"[(79, 1), (709, 1)]"
BCSPWR10,709,[],"[(696, 1)]"
BCSPWR10,714,[],"[(19, 1), (233, 1)]"
BCSPWR10,716,[],"[(86, 1), (2437, 1)]"
BCSPWR10,720,[],"[(3444, 1)]"
BCSPWR10,737,[764],[]
BCSPWR10,743,[],"[(2415, 1)]"
BCSPWR10,762,[],"[(309, 1), (315, 1)]"
BCSPWR10,764,[737],[]
BCSPWR10,773,[776],[]
BCSPWR10,776,[773],[]
BCSPWR10,779,[1558],[]
BCSPWR10,796,[],"[(87, 1)]"
BCSPWR10,801,[],"[(87, 1)]"
BCSPWR10,812,[814],[]
BCSPWR10,814,[812],[]
BCSPWR10,823,[],"[(2155, 1)]"
BCSPWR10,856,[],"[(97, 1), (143, 1), (152, 1), (205, 1)]"
BCSPWR10,869,[],"[(67, 1), (2702, 1)]"
BCSPWR10,876,[],"[(2501, 1)]"
BCSPWR10,877,[],"[(2492, 1)]"
BCSPWR10,895,[],"[(67, 1)]"
BCSPWR10,899,[],"[(139, 1)]"
BCSPWR10,923,[],"[(90, 1)]"
BCSPWR10,926,[],"[(174, 1)]"
BCSPWR10,932,[],"[(90, 1)]"
BCSPWR10,934,[],"[(4, 1), (2703, 1)]"
BCSPWR10,942,[],"[(90, 1)]"
BCSPWR10,947,[],"[(116, 1)]"
BCSPWR10,949,[],"[(48, 1), (116, 1)]"
BCSPWR10,951,[],"[(48, 1)]"
BCSPWR10,955,[],"[(116, 1)]"
BCSPWR10,959,[],"[(48, 1)]"
BCSPWR10,960,[961],[]
BCSPWR10,961,[960],[]
BCSPWR10,967,[],"[(4188, 1)]"
BCSPWR10,988,[],"[(178, 1)]"
BCSPWR10,993,[],"[(200, 1)]"
BCSPWR10,999,[],"[(118, 1)]"
BCSPWR10,1002,[1055],[]
BCSPWR10,1017,[],"[(3144, 1)]"
BCSPWR10,1055,[1002],[]
BCSPWR10,1061,[],"[(221, 1)]"
BCSPWR10,1063,[],"[(209, 1), (2235, 1)]"
BCSPWR10,1070,[],"[(90, 1)]"
BCSPWR10,1072,[],"[(107, 1)]"
BCSPWR10,1083,[],"[(107, 1), (3200, 1), (3177, 1)]"
BCSPWR10,1085,[],"[(61, 1)]"
BCSPWR10,1089,[],"[(145, 1)]"
BCSPWR10,1091,[],"[(145, 1)]"
BCSPWR10,1092,[],"[(12, 1), (23, 1)]"
BCSPWR10,1093,[],"[(145, 1)]"
BCSPWR10,1099,[],"[(3266, 1)]"
BCSPWR10,1104,[],"[(192, 1)]"
BCSPWR10,1106,[],"[(192, 1)]"
BCSPWR10,1108,[],"[(2632, 1)]"
BCSPWR10,1109,[1116],[]
BCSPWR10,1116,[1109],[]
BCSPWR10,1117,[],"[(1118, 1)]"
BCSPWR10,1118,[],"[(1117, 1)]"
BCSPWR10,1131,[2229],[]
BCSPWR10,1132,[],"[(199, 1)]"
BCSPWR10,1151,[],"[(1161, 1)]"
BCSPWR10,1161,[],"[(1151, 1)]"
BCSPWR10,1167,[],"[(3144, 1)]"
BCSPWR10,1169,[],"[(3103, 1)]"
BCSPWR10,1179,[],"[(3135, 1)]"
BCSPWR10,1196,[],"[(126, 1)]"
BCSPWR10,1197,[],"[(11, 1)]"
BCSPWR10,1200,[1763],"[(66, 1), (214, 1)]"
BCSPWR10,1207,[],"[(56, 1), (126, 1)]"
BCSPWR10,1210,[],"[(549, 1), (581, 1)]"
BCSPWR10,1213,[],"[(132, 1)]"
BCSPWR10,1214,[],"[(132, 1)]"
BCSPWR10,1216,[],"[(132, 1)]"
BCSPWR10,1226,[],"[(2698, 1)]"
BCSPWR10,1227,"[1261, 1355]",[]
BCSPWR10,1237,[],"[(59, 1)]"
BCSPWR10,1240,[],"[(110, 1)]"
BCSPWR10,1244,[],"[(2318, 1)]"
BCSPWR10,1261,"[1227, 1355]",[]
BCSPWR10,1262,[1314],[]
BCSPWR10,1263,[],"[(134, 1)]"
BCSPWR10,1283,[1291],[]
BCSPWR10,1291,[1283],[]
BCSPWR10,1300,[],"[(58, 1)]"
BCSPWR10,1302,[],"[(27, 1)]"
BCSPWR10,1314,[1262],[]
BCSPWR10,1326,[],"[(2154, 1)]"
BCSPWR10,1327,[],"[(2144, 1)]"
BCSPWR10,1328,[],"[(2771, 1)]"
BCSPWR10,1331,[],"[(20, 1)]"
BCSPWR10,1339,[],"[(133, 1)]"
BCSPWR10,1345,[],"[(158, 1)]"
BCSPWR10,1355,"[1227, 1261]",[]
BCSPWR10,1367,[],"[(3000, 1)]"
BCSPWR10,1369,"[1371, 1409]",[]
BCSPWR10,1371,"[1369, 1409]",[]
BCSPWR10,1377,[],"[(1416, 1)]"
BCSPWR10,1381,[1398],[]
BCSPWR10,1396,[],"[(2815, 1)]"
BCSPWR10,1398,[1381],[]
BCSPWR10,1409,"[1369, 1371]",[]
BCSPWR10,1416,[],"[(1377, 1)]"
BCSPWR10,1426,[],"[(191, 1)]"
BCSPWR10,1428,[],"[(2831, 1)]"
BCSPWR10,1440,[],"[(115, 1)]"
BCSPWR10,1446,[],"[(158, 1)]"
BCSPWR10,1448,[1472],"[(119, 1)]"
BCSPWR10,1452,[],"[(68, 1)]"
BCSPWR10,1472,[1448],"[(119, 1)]"
BCSPWR10,1473,[],"[(37, 1)]"
BCSPWR10,1474,[],"[(2525, 1)]"
BCSPWR10,1475,[],"[(228, 1)]"
BCSPWR10,1493,[1494],[]
BCSPWR10,1494,[1493],[]
BCSPWR10,1499,[],"[(234, 1)]"
BCSPWR10,1501,[],"[(21, 1)]"
BCSPWR10,1524,[],"[(2470, 1)]"
BCSPWR10,1538,[],"[(139, 1), (163, 1)]"
BCSPWR10,1542,[],"[(21, 1)]"
BCSPWR10,1545,[],"[(139, 1)]"
BCSPWR10,1546,[],"[(87, 1)]"
BCSPWR10,1554,[],"[(3146, 1)]"
BCSPWR10,1558,[779],[]
BCSPWR10,1590,[],"[(68, 1)]"
BCSPWR10,1603,[],"[(3283, 1)]"
BCSPWR10,1605,[],"[(135, 1)]"
BCSPWR10,1610,[],"[(2409, 1)]"
BCSPWR10,1611,[],"[(3284, 1)]"
BCSPWR10,1615,[],"[(1697, 1)]"
BCSPWR10,1623,[],"[(149, 1)]"
BCSPWR10,1633,[],"[(87, 1)]"
BCSPWR10,1641,[],"[(3009, 1)]"
BCSPWR10,1654,[],"[(21, 1)]"
BCSPWR10,1661,[],"[(2419, 1)]"
BCSPWR10,1668,[],"[(49, 1)]"
BCSPWR10,1687,[],"[(2972, 1)]"
BCSPWR10,1696,[],"[(115, 1)]"
BCSPWR10,1697,[],"[(1615, 1)]"
BCSPWR10,1704,[1705],[]
BCSPWR10,1705,[1704],[]
BCSPWR10,1709,[],"[(3227, 1)]"
BCSPWR10,1712,[],"[(2399, 1)]"
BCSPWR10,1718,[],"[(2308, 1)]"
BCSPWR10,1733,[],"[(120, 1)]"
BCSPWR10,1737,[],"[(120, 1)]"
BCSPWR10,1738,[],"[(3768, 1)]"
BCSPWR10,1742,[],"[(3468, 1)]"
BCSPWR10,1744,[],"[(120, 1)]"
BCSPWR10,1755,[],"[(3126, 1)]"
BCSPWR10,1759,[],"[(2911, 1)]"
BCSPWR10,1763,[1200],"[(66, 1), (214, 1)]"
BCSPWR10,1782,[],"[(27, 1), (164, 1)]"
BCSPWR10,1783,[1784],[]
BCSPWR10,1784,[1783],[]
BCSPWR10,1785,[],"[(2795, 1)]"
BCSPWR10,1786,[],"[(123, 1), (150, 1)]"
BCSPWR10,1792,[],"[(120, 1)]"
BCSPWR10,1793,[],"[(27, 1)]"
BCSPWR10,1803,[],"[(55, 1)]"
BCSPWR10,1804,[],"[(2310, 1)]"
BCSPWR10,1826,[],"[(3716, 1)]"
BCSPWR10,1827,[],"[(2242, 1)]"
BCSPWR10,1828,"[1838, 1894]",[]
BCSPWR10,1835,[1880],[]
BCSPWR10,1838,"[1828, 1894]",[]
BCSPWR10,1840,[1906],[]
BCSPWR10,1864,[1964],[]
BCSPWR10,1878,[],"[(3835, 1)]"
BCSPWR10,1880,[1835],[]
BCSPWR10,1894,"[1828, 1838]",[]
BCSPWR10,1899,[1962],[]
BCSPWR10,1900,[],"[(2284, 1)]"
BCSPWR10,1906,[1840],[]
BCSPWR10,1922,[1985],[]
BCSPWR10,1932,[],"[(1933, 1)]"
BCSPWR10,1933,[],"[(1932, 1)]"
BCSPWR10,1937,[1970],[]
BCSPWR10,1944,[],"[(2589, 1)]"
BCSPWR10,1962,[1899],[]
BCSPWR10,1964,[1864],[]
BCSPWR10,1970,[1937],[]
BCSPWR10,1971,[],"[(2589, 1)]"
BCSPWR10,1975,[],"[(211, 1)]"
BCSPWR10,1978,[],"[(2836, 1)]"
BCSPWR10,1985,[1922],[]
BCSPWR10,1994,[],"[(638, 1)]"
BCSPWR10,2000,[],"[(168, 1)]"
BCSPWR10,2013,[],"[(3251, 1)]"
BCSPWR10,2025,[2034],[]
BCSPWR10,2034,[2025],[]
BCSPWR10,2041,[292],"[(2697, 1), (2359, 1)]"
BCSPWR10,2042,[2067],[]
BCSPWR10,2045,[],"[(211, 1)]"
BCSPWR10,2055,[2078],[]
BCSPWR10,2058,[],"[(213, 1)]"
BCSPWR10,2067,[2042],[]
BCSPWR10,2072,[],"[(90, 1)]"
BCSPWR10,2074,[],"[(16, 1), (231, 1)]"
BCSPWR10,2078,[2055],[]
BCSPWR10,2080,[],"[(177, 1)]"
BCSPWR10,2109,[],"[(73, 1)]"
BCSPWR10,2144,[],"[(1327, 1)]"
BCSPWR10,2154,[],"[(1326, 1)]"
BCSPWR10,2155,[],"[(823, 1)]"
BCSPWR10,2198,[],"[(120, 1)]"
BCSPWR10,2206,[],"[(124, 1)]"
BCSPWR10,2207,[],"[(201, 1)]"
BCSPWR10,2229,[1131],[]
BCSPWR10,2234,[],"[(199, 1)]"
BCSPWR10,2235,[],"[(511, 1), (1063, 1)]"
BCSPWR10,2242,[],"[(1827, 1)]"
BCSPWR10,2256,[],"[(27, 1)]"
BCSPWR10,2269,[],"[(211, 1)]"
BCSPWR10,2271,[],"[(2279, 1)]"
BCSPWR10,2279,[],"[(2271, 1)]"
BCSPWR10,2284,[],"[(1900, 1)]"
BCSPWR10,2308,[],"[(1718, 1)]"
BCSPWR10,2310,[],"[(1804, 1)]"
BCSPWR10,2318,[],"[(1244, 1)]"
BCSPWR10,2319,[],"[(676, 1)]"
BCSPWR10,2335,[],"[(593, 1)]"
BCSPWR10,2359,[],"[(292, 1), (2041, 1)]"
BCSPWR10,2385,[2387],[]
BCSPWR10,2387,[2385],[]
BCSPWR10,2397,[3454],[]
BCSPWR10,2399,[],"[(1712, 1)]"
BCSPWR10,2409,[],"[(1610, 1)]"
BCSPWR10,2415,[],"[(743, 1)]"
BCSPWR10,2419,[],"[(1661, 1)]"
BCSPWR10,2437,[],"[(716, 1)]"
BCSPWR10,2444,[2445],[]
BCSPWR10,2445,[2444],[]
BCSPWR10,2470,[],"[(1524, 1)]"
BCSPWR10,2490,[],"[(291, 1)]"
BCSPWR10,2492,[],"[(877, 1)]"
BCSPWR10,2494,[],"[(3581, 1)]"
BCSPWR10,2501,[],"[(876, 1)]"
BCSPWR10,2525,[],"[(1474, 1)]"
BCSPWR10,2589,[],"[(1944, 1), (1971, 1)]"
BCSPWR10,2632,[],"[(1108, 1)]"
BCSPWR10,2660,[2661],[]
BCSPWR10,2661,[2660],[]
BCSPWR10,2686,[2687],[]
BCSPWR10,2687,[2686],[]
BCSPWR10,2697,[],"[(292, 1), (2041, 1)]"
BCSPWR10,2698,[],"[(1226, 1)]"
BCSPWR10,2701,[],"[(280, 1)]"
BCSPWR10,2702,[],"[(869, 1)]"
BCSPWR10,2703,[],"[(934, 1)]"
BCSPWR10,2706,[2707],[]
BCSPWR10,2707,[2706],[]
BCSPWR10,2745,[],"[(546, 1)]"
BCSPWR10,2771,[],"[(1328, 1)]"
BCSPWR10,2795,[],"[(1785, 1)]"
BCSPWR10,2813,[],"[(319, 1)]"
BCSPWR10,2814,[3465],[]
BCSPWR10,2815,[],"[(1396, 1)]"
BCSPWR10,2827,[],"[(303, 1)]"
BCSPWR10,2831,[],"[(1428, 1)]"
BCSPWR10,2836,[],"[(1978, 1)]"
BCSPWR10,2873,[2874],[]
BCSPWR10,2874,[2873],[]
BCSPWR10,2911,[],"[(1759, 1)]"
BCSPWR10,2971,[],"[(3581, 1)]"
BCSPWR10,2972,[],"[(1687, 1)]"
BCSPWR10,3000,[],"[(1367, 1)]"
BCSPWR10,3005,[3210],[]
BCSPWR10,3009,[],"[(1641, 1)]"
BCSPWR10,3032,[3033],[]
BCSPWR10,3033,[3032],[]
BCSPWR10,3043,[3048],[]
BCSPWR10,3048,[3043],[]
BCSPWR10,3103,[],"[(1169, 1)]"
BCSPWR10,3114,[3115],[]
BCSPWR10,3115,[3114],[]
BCSPWR10,3126,[],"[(1755, 1)]"
BCSPWR10,3135,[],"[(1179, 1)]"
BCSPWR10,3139,[],"[(3758, 1), (3861, 1)]"
BCSPWR10,3144,[],"[(1017, 1), (1167, 1)]"
BCSPWR10,3146,[],"[(1554, 1)]"
BCSPWR10,3166,[3167],[]
BCSPWR10,3167,[3166],[]
BCSPWR10,3177,[],"[(1083, 1)]"
BCSPWR10,3194,[3195],[]
BCSPWR10,3195,[3194],[]
BCSPWR10,3196,[3197],[]
BCSPWR10,3197,[3196],[]
BCSPWR10,3200,[],"[(1083, 1)]"
BCSPWR10,3210,[3005],[]
BCSPWR10,3225,[3226],[]
BCSPWR10,3226,[3225],[]
BCSPWR10,3227,[],"[(1709, 1)]"
BCSPWR10,3251,[],"[(2013, 1)]"
BCSPWR10,3266,[],"[(1099, 1)]"
BCSPWR10,3283,[],"[(1603, 1)]"
BCSPWR10,3284,[],"[(1611, 1)]"
BCSPWR10,3311,[],"[(278, 1)]"
BCSPWR10,3321,[],"[(580, 1)]"
BCSPWR10,3325,[],"[(312, 1)]"
BCSPWR10,3352,[],"[(469, 1)]"
BCSPWR10,3359,[3360],[]
BCSPWR10,3360,[3359],[]
BCSPWR10,3361,[3412],[]
BCSPWR10,3370,[],"[(508, 1)]"
BCSPWR10,3412,[3361],[]
BCSPWR10,3444,[],"[(720, 1)]"
BCSPWR10,3454,[2397],[]
BCSPWR10,3465,[2814],[]
BCSPWR10,3468,[],"[(1742, 1)]"
BCSPWR10,3514,[],"[(3525, 1)]"
BCSPWR10,3525,[],"[(3514, 1)]"
BCSPWR10,3581,[],"[(2494, 1), (2971, 1)]"
BCSPWR10,3584,[3585],[]
BCSPWR10,3585,[3584],[]
BCSPWR10,3590,[3591],[]
BCSPWR10,3591,[3590],[]
BCSPWR10,3639,[3640],[]
BCSPWR10,3640,[3639],[]
BCSPWR10,3716,[],"[(1826, 1)]"
BCSPWR10,3758,[3861],"[(3139, 1)]"
BCSPWR10,3768,[],"[(1738, 1)]"
BCSPWR10,3835,[],"[(1878, 1)]"
BCSPWR10,3861,[3758],"[(3139, 1)]"
BCSPWR10,3961,[3962],[]
BCSPWR10,3962,[3961],[]
BCSPWR10,4188,[],"[(967, 1)]"
BCSPWR10,4293,[],"[(4697, 1)]"
BCSPWR10,4697,[],"[(4293, 1)]"
