Dataset,Nodes,Edges,K,H1,H1_time,H2,H2_time,H3,H3_time,H4,H4_time,H5,H5_time
BCSPWR01,39,46,3,12,0.0012,5,0.0005,15,0.0014,7,0.0021,9,0.0007
BCSPWR01,39,46,5,10,0.0007,6,0.0009,19,0.0015,6,0.0022,8,0.0006
BCSPWR01,39,46,10,17,0.0012,7,0.0009,19,0.0013,7,0.0017,13,0.0008
BCSPWR02,49,59,3,10,0.0005,6,0.0006,28,0.0021,13,0.007,11,0.0014
BCSPWR02,49,59,5,14,0.0014,7,0.001,26,0.0026,9,0.0056,14,0.0016
BCSPWR02,49,59,10,19,0.0014,12,0.0011,22,0.0014,13,0.0042,28,0.0022
BCSPWR03,118,179,3,30,0.0035,10,0.0018,71,0.0097,17,0.0183,42,0.0068
BCSPWR03,118,179,5,31,0.0044,12,0.0024,68,0.0116,14,0.02,35,0.008
BCSPWR03,118,179,10,25,0.0044,13,0.0028,66,0.0094,16,0.0172,34,0.0051
BCSPWR04,274,669,3,166,0.0615,32,0.0176,240,0.0865,36,0.1567,170,0.0582
BCSPWR04,274,669,5,189,0.0619,36,0.0207,238,0.0836,37,0.2173,171,0.0883
BCSPWR04,274,669,10,169,0.0615,44,0.0245,249,0.1177,44,0.2908,174,0.0933
BCSPWR05,443,590,3,196,0.1323,57,0.0406,375,0.1818,69,0.3254,204,0.0972
BCSPWR05,443,590,5,187,0.0773,56,0.0372,366,0.1559,71,0.2388,221,0.0977
BCSPWR05,443,590,10,191,0.0783,84,0.0548,361,0.1507,74,0.2439,213,0.0941
BCSPWR06,1454,1923,3,630,1.0835,159,0.4489,1069,2.0986,189,2.3404,622,1.1504
BCSPWR06,1454,1923,5,640,1.1145,154,0.3459,1069,1.6721,192,2.5749,618,1.1072
BCSPWR06,1454,1923,10,646,1.0154,163,0.3823,1099,1.5436,197,2.0735,615,0.9878
BCSPWR07,1612,2106,3,685,0.9753,189,0.4356,1366,1.9181,220,2.4868,737,1.1177
BCSPWR07,1612,2106,5,685,0.9922,192,0.4365,1367,1.9561,222,2.5937,733,1.1289
BCSPWR07,1612,2106,10,688,0.9918,194,0.4487,1362,2.0084,231,3.2401,726,1.1007
BCSPWR08,1624,2213,3,729,1.0503,186,0.4441,1418,2.0435,215,2.6459,722,1.0807
BCSPWR08,1624,2213,5,729,1.0317,189,0.433,1423,2.0242,210,2.5701,735,1.1062
BCSPWR08,1624,2213,10,729,1.0341,194,0.4397,1413,2.0574,214,2.6732,721,1.1157
BCSPWR09,1723,2394,3,519,0.825,187,0.4805,1524,2.3581,234,3.4434,571,1.1834
BCSPWR09,1723,2394,5,516,0.8953,200,0.539,1536,2.5636,230,3.2573,569,0.9388
BCSPWR09,1723,2394,10,522,0.8238,200,0.4984,1522,2.3761,231,3.2815,568,0.9246
BCSPWR10,5300,8271,3,2277,12.2476,367,3.2377,4468,23.8229,439,23.0011,2307,14.0433
BCSPWR10,5300,8271,5,2271,13.0996,362,3.149,4461,24.3887,439,22.898,2305,13.2703
BCSPWR10,5300,8271,10,2275,13.3587,370,3.4209,4466,24.248,456,23.9663,2305,13.9954
494_bus,494,586,3,174,0.0896,62,0.0477,395,0.1957,74,0.2651,188,0.0867
494_bus,494,586,5,173,0.0735,64,0.0426,406,0.1726,71,0.214,184,0.0888
494_bus,494,586,10,180,0.0775,84,0.0558,395,0.1671,86,0.2505,192,0.0929
662_bus,662,906,3,241,0.1775,53,0.0723,432,0.3221,59,0.3351,250,0.176
662_bus,662,906,5,239,0.1627,52,0.0553,426,0.2479,62,0.3365,247,0.1738
662_bus,662,906,10,242,0.1542,57,0.0546,437,0.2843,61,0.3391,246,0.1554
685_bus,685,1282,3,275,0.2006,52,0.0675,581,0.3747,59,0.4179,282,0.2129
685_bus,685,1282,5,274,0.1703,51,0.055,580,0.3633,63,0.4369,287,0.2328
685_bus,685,1282,10,274,0.201,57,0.0751,574,0.4101,67,0.6174,277,0.278
1138_bus,1138,1458,3,439,0.5092,147,0.2338,877,0.9498,171,1.4947,479,0.5693
1138_bus,1138,1458,5,435,0.4995,154,0.2554,876,0.9487,168,1.4137,481,0.5101
1138_bus,1138,1458,10,456,0.4514,158,0.3247,869,1.1571,189,1.7091,481,0.6178
IEEE14,14,20,3,5,0.0001,2,0.0001,2,0.0001,2,0.0002,2,0.0001
IEEE14,14,20,5,3,0.0001,2,0.0001,4,0.0001,2,0.0002,2,0.0001
IEEE14,14,20,10,3,0.0001,2,0.0001,3,0.0001,2,0.0002,2,0.0001
IEEE30,30,41,3,7,0.0004,4,0.0002,11,0.0007,6,0.0012,10,0.0005
IEEE30,30,41,5,6,0.0002,4,0.0002,11,0.0005,6,0.0011,12,0.0005
IEEE30,30,41,10,3,0.0001,6,0.0003,20,0.0009,4,0.0007,9,0.0004
IEEE57,57,78,3,17,0.0009,6,0.0005,12,0.0009,6,0.0019,17,0.001
IEEE57,57,78,5,8,0.0005,5,0.0004,10,0.0008,6,0.0028,8,0.0007
IEEE57,57,78,10,14,0.0008,6,0.0006,23,0.0016,7,0.0025,14,0.0009
IEEE118,118,179,3,34,0.0043,10,0.0018,71,0.0072,14,0.012,41,0.0043
IEEE118,118,179,5,37,0.0044,12,0.0022,68,0.0071,14,0.0125,38,0.0042
IEEE118,118,179,10,30,0.0028,12,0.0025,66,0.0075,16,0.013,47,0.0055
IEEE300,300,409,3,155,0.0388,36,0.0145,243,0.063,42,0.08,162,0.0591
IEEE300,300,409,5,156,0.04,37,0.0157,243,0.0615,40,0.0776,166,0.0491
IEEE300,300,409,10,194,0.0482,39,0.0157,239,0.0603,49,0.0946,159,0.0433
illinois200,200,245,3,45,0.007,21,0.0052,104,0.0182,32,0.0409,46,0.0081
illinois200,200,245,5,47,0.0086,36,0.0088,95,0.0154,30,0.0362,49,0.0103
illinois200,200,245,10,44,0.0075,44,0.0109,115,0.0198,40,0.0474,41,0.0087
pegase1354,1354,1710,3,494,0.5795,181,0.3249,1119,1.2486,215,2.0625,550,0.6664
pegase1354,1354,1710,5,501,0.5686,189,0.337,1118,1.2589,215,2.0434,549,0.6743
pegase1354,1354,1710,10,507,0.5816,194,0.3573,1122,1.3407,229,2.2579,543,0.6562
pegase2869,2869,3968,3,1189,3.0155,332,1.4107,2509,6.9721,388,9.1057,1251,3.3716
pegase2869,2869,3968,5,1177,3.0442,333,1.4835,2507,6.972,382,9.0543,1248,3.5149
pegase2869,2869,3968,10,1177,3.0463,343,1.4201,2509,7.5186,399,9.9073,1253,3.8801
pegase9241,9241,14207,3,3800,35.4933,933,14.6962,8117,76.9255,1054,100.7101,3976,42.2141
pegase9241,9241,14207,5,3795,36.4578,934,15.6239,8116,75.6844,1063,94.4246,3971,39.4359
pegase9241,9241,14207,10,3798,36.0195,934,14.0009,8115,77.051,1064,94.3053,3968,40.0038
case1888rte,1888,2308,3,587,0.9961,256,0.6267,1370,2.2065,289,3.7802,775,1.3524
case1888rte,1888,2308,5,579,0.9381,261,0.6685,1360,2.3768,293,3.7755,773,1.3544
case1888rte,1888,2308,10,585,0.9529,264,0.6607,1356,2.2016,298,3.8447,776,1.3759
case2848rte,2848,3442,3,892,2.3458,382,1.5276,2228,5.6191,440,8.399,1139,3.4379
case2848rte,2848,3442,5,895,2.266,389,1.4844,2231,5.4894,443,9.5672,1137,2.9863
case2848rte,2848,3442,10,902,2.2266,392,1.4955,2225,5.5822,442,8.7234,1142,3.0179
case6470rte,6470,8066,3,2145,14.6213,810,8.4652,5580,39.6756,906,44.9315,2510,17.492
case6470rte,6470,8066,5,2151,14.2764,804,8.3424,5582,35.4388,910,45.0608,2509,16.8319
case6470rte,6470,8066,10,2155,13.9382,818,7.8649,5574,35.4183,924,45.8453,2519,16.5657
case1951rte,1882,2305,3,592,1.0239,260,0.6959,1384,2.3407,301,4.2679,784,1.7729
case1951rte,1882,2305,5,590,1.1759,264,0.7462,1378,2.3365,302,4.2395,777,1.4326
case1951rte,1882,2305,10,595,1.0169,276,0.7231,1382,2.3536,306,4.3621,782,1.4373
case2868rte,2696,3240,3,867,2.2733,379,1.4621,2237,5.6352,439,8.5045,1089,2.7844
case2868rte,2696,3240,5,859,2.0646,379,1.421,2242,5.3922,437,8.5521,1099,2.847
case2868rte,2696,3240,10,862,2.089,382,1.4805,2252,5.6437,447,9.2749,1093,2.9748
case6468rte,6461,8058,3,2135,13.8735,785,7.8354,5585,36.7799,894,44.7285,2498,17.4641
case6468rte,6461,8058,5,2129,14.6488,790,8.0049,5581,36.6581,897,48.9483,2495,16.4641
case6468rte,6461,8058,10,2128,13.3554,794,7.9847,5582,36.7546,897,48.4998,2508,19.6203
